
------------------------
2021.01.26 1:49:47
webform result
Array
(
    [result] => 72671
    [time] => Array
        (
            [start] => 1611614986.1421
            [finish] => 1611614987.341
            [duration] => 1.1989440917969
            [processing] => 1.1519219875336
            [date_start] => 2021-01-26T01:49:46+03:00
            [date_finish] => 2021-01-26T01:49:47+03:00
        )

)

------------------------

------------------------
2021.01.26 10:25:09
webform result
Array
(
    [result] => 72689
    [time] => Array
        (
            [start] => 1611645908.2129
            [finish] => 1611645909.5947
            [duration] => 1.3817510604858
            [processing] => 1.3527009487152
            [date_start] => 2021-01-26T10:25:08+03:00
            [date_finish] => 2021-01-26T10:25:09+03:00
        )

)

------------------------

------------------------
2021.01.26 11:15:38
webform result
Array
(
    [result] => 72713
    [time] => Array
        (
            [start] => 1611648937.1229
            [finish] => 1611648938.081
            [duration] => 0.95804905891418
            [processing] => 0.91816711425781
            [date_start] => 2021-01-26T11:15:37+03:00
            [date_finish] => 2021-01-26T11:15:38+03:00
        )

)

------------------------

------------------------
2021.01.27 8:38:59
webform result
Array
(
    [result] => 72781
    [time] => Array
        (
            [start] => 1611725938.7094
            [finish] => 1611725939.4164
            [duration] => 0.70707297325134
            [processing] => 0.67980408668518
            [date_start] => 2021-01-27T08:38:58+03:00
            [date_finish] => 2021-01-27T08:38:59+03:00
        )

)

------------------------

------------------------
2021.02.03 11:24:45
webform result
Array
(
    [result] => 73261
    [time] => Array
        (
            [start] => 1612340684.3259
            [finish] => 1612340685.6306
            [duration] => 1.3046820163727
            [processing] => 1.2696139812469
            [date_start] => 2021-02-03T11:24:44+03:00
            [date_finish] => 2021-02-03T11:24:45+03:00
        )

)

------------------------

------------------------
2021.02.03 14:00:14
webform result
Array
(
    [result] => 73287
    [time] => Array
        (
            [start] => 1612350012.9046
            [finish] => 1612350014.8217
            [duration] => 1.9171421527863
            [processing] => 1.8747551441193
            [date_start] => 2021-02-03T14:00:12+03:00
            [date_finish] => 2021-02-03T14:00:14+03:00
        )

)

------------------------

------------------------
2021.02.04 14:05:31
webform result
Array
(
    [result] => 73355
    [time] => Array
        (
            [start] => 1612436730.6629
            [finish] => 1612436731.3533
            [duration] => 0.69042801856995
            [processing] => 0.66055488586426
            [date_start] => 2021-02-04T14:05:30+03:00
            [date_finish] => 2021-02-04T14:05:31+03:00
        )

)

------------------------

------------------------
2021.02.09 9:37:40
webform result
Array
(
    [result] => 73581
    [time] => Array
        (
            [start] => 1612852658.7682
            [finish] => 1612852660.1425
            [duration] => 1.3742320537567
            [processing] => 1.3388409614563
            [date_start] => 2021-02-09T09:37:38+03:00
            [date_finish] => 2021-02-09T09:37:40+03:00
        )

)

------------------------

------------------------
2021.02.09 10:40:21
webform result
Array
(
    [result] => 73593
    [time] => Array
        (
            [start] => 1612856420.5621
            [finish] => 1612856421.7164
            [duration] => 1.1543200016022
            [processing] => 1.1220800876617
            [date_start] => 2021-02-09T10:40:20+03:00
            [date_finish] => 2021-02-09T10:40:21+03:00
        )

)

------------------------

------------------------
2021.02.09 12:58:34
webform result
Array
(
    [result] => 73627
    [time] => Array
        (
            [start] => 1612864713.9366
            [finish] => 1612864714.8167
            [duration] => 0.88009309768677
            [processing] => 0.84950590133667
            [date_start] => 2021-02-09T12:58:33+03:00
            [date_finish] => 2021-02-09T12:58:34+03:00
        )

)

------------------------

------------------------
2021.02.15 11:14:10
webform result
Array
(
    [result] => 73987
    [time] => Array
        (
            [start] => 1613376849.4891
            [finish] => 1613376850.7301
            [duration] => 1.2409400939941
            [processing] => 1.1713299751282
            [date_start] => 2021-02-15T11:14:09+03:00
            [date_finish] => 2021-02-15T11:14:10+03:00
        )

)

------------------------

------------------------
2021.02.16 14:21:43
webform result
Array
(
    [result] => 74105
    [time] => Array
        (
            [start] => 1613474502.6264
            [finish] => 1613474503.4743
            [duration] => 0.84790802001953
            [processing] => 0.82157683372498
            [date_start] => 2021-02-16T14:21:42+03:00
            [date_finish] => 2021-02-16T14:21:43+03:00
        )

)

------------------------

------------------------
2021.02.17 16:23:42
webform result
Array
(
    [result] => 74217
    [time] => Array
        (
            [start] => 1613568221.3955
            [finish] => 1613568222.4452
            [duration] => 1.0497050285339
            [processing] => 1.021870136261
            [date_start] => 2021-02-17T16:23:41+03:00
            [date_finish] => 2021-02-17T16:23:42+03:00
        )

)

------------------------

------------------------
2021.02.19 12:31:54
webform result
Array
(
    [result] => 74347
    [time] => Array
        (
            [start] => 1613727112.6271
            [finish] => 1613727114.2569
            [duration] => 1.6298561096191
            [processing] => 1.5826120376587
            [date_start] => 2021-02-19T12:31:52+03:00
            [date_finish] => 2021-02-19T12:31:54+03:00
        )

)

------------------------

------------------------
2021.02.24 12:11:40
webform result
Array
(
    [result] => 74505
    [time] => Array
        (
            [start] => 1614157899.1053
            [finish] => 1614157900.8631
            [duration] => 1.7578258514404
            [processing] => 1.695433139801
            [date_start] => 2021-02-24T12:11:39+03:00
            [date_finish] => 2021-02-24T12:11:40+03:00
        )

)

------------------------

------------------------
2021.02.26 11:51:13
webform result
Array
(
    [result] => 74685
    [time] => Array
        (
            [start] => 1614329472.3253
            [finish] => 1614329473.0404
            [duration] => 0.71509099006653
            [processing] => 0.68809294700623
            [date_start] => 2021-02-26T11:51:12+03:00
            [date_finish] => 2021-02-26T11:51:13+03:00
        )

)

------------------------

------------------------
2021.02.26 11:55:10
webform result
Array
(
    [result] => 74687
    [time] => Array
        (
            [start] => 1614329709.2953
            [finish] => 1614329710.3704
            [duration] => 1.0751280784607
            [processing] => 1.0466949939728
            [date_start] => 2021-02-26T11:55:09+03:00
            [date_finish] => 2021-02-26T11:55:10+03:00
        )

)

------------------------

------------------------
2021.02.27 13:38:49
webform result
Array
(
    [result] => 74741
    [time] => Array
        (
            [start] => 1614422329.1822
            [finish] => 1614422329.8379
            [duration] => 0.65567803382874
            [processing] => 0.63251495361328
            [date_start] => 2021-02-27T13:38:49+03:00
            [date_finish] => 2021-02-27T13:38:49+03:00
        )

)

------------------------

------------------------
2021.03.02 21:00:10
webform result
Array
(
    [result] => 74967
    [time] => Array
        (
            [start] => 1614708009.7212
            [finish] => 1614708010.9008
            [duration] => 1.1796369552612
            [processing] => 1.1461818218231
            [date_start] => 2021-03-02T21:00:09+03:00
            [date_finish] => 2021-03-02T21:00:10+03:00
        )

)

------------------------

------------------------
2021.03.02 21:00:41
webform result
Array
(
    [result] => 74969
    [time] => Array
        (
            [start] => 1614708041.1741
            [finish] => 1614708041.8083
            [duration] => 0.63420391082764
            [processing] => 0.6101930141449
            [date_start] => 2021-03-02T21:00:41+03:00
            [date_finish] => 2021-03-02T21:00:41+03:00
        )

)

------------------------

------------------------
2021.03.03 13:15:05
webform result
Array
(
    [result] => 75007
    [time] => Array
        (
            [start] => 1614766504.8923
            [finish] => 1614766505.8228
            [duration] => 0.93047499656677
            [processing] => 0.89615488052368
            [date_start] => 2021-03-03T13:15:04+03:00
            [date_finish] => 2021-03-03T13:15:05+03:00
        )

)

------------------------

------------------------
2021.03.04 20:17:29
webform result
Array
(
    [result] => 75131
    [time] => Array
        (
            [start] => 1614878247.1716
            [finish] => 1614878248.9381
            [duration] => 1.7665181159973
            [processing] => 1.6860880851746
            [date_start] => 2021-03-04T20:17:27+03:00
            [date_finish] => 2021-03-04T20:17:28+03:00
        )

)

------------------------

------------------------
2021.03.09 15:41:02
webform result
Array
(
    [result] => 75305
    [time] => Array
        (
            [start] => 1615293660.5974
            [finish] => 1615293662.3069
            [duration] => 1.7094781398773
            [processing] => 1.6661121845245
            [date_start] => 2021-03-09T15:41:00+03:00
            [date_finish] => 2021-03-09T15:41:02+03:00
        )

)

------------------------

------------------------
2021.03.10 10:12:09
webform result
Array
(
    [result] => 75347
    [time] => Array
        (
            [start] => 1615360328.2646
            [finish] => 1615360329.2185
            [duration] => 0.9539110660553
            [processing] => 0.90194082260132
            [date_start] => 2021-03-10T10:12:08+03:00
            [date_finish] => 2021-03-10T10:12:09+03:00
        )

)

------------------------

------------------------
2021.03.10 13:46:06
webform result
Array
(
    [result] => 75385
    [time] => Array
        (
            [start] => 1615373164.3251
            [finish] => 1615373166.3377
            [duration] => 2.0126118659973
            [processing] => 1.9646489620209
            [date_start] => 2021-03-10T13:46:04+03:00
            [date_finish] => 2021-03-10T13:46:06+03:00
        )

)

------------------------

------------------------
2021.03.15 10:57:39
webform result
Array
(
    [result] => 75663
    [time] => Array
        (
            [start] => 1615795059.0538
            [finish] => 1615795059.9148
            [duration] => 0.86103200912476
            [processing] => 0.83008408546448
            [date_start] => 2021-03-15T10:57:39+03:00
            [date_finish] => 2021-03-15T10:57:39+03:00
        )

)

------------------------

------------------------
2021.03.16 9:49:16
webform result
Array
(
    [result] => 75743
    [time] => Array
        (
            [start] => 1615877354.2508
            [finish] => 1615877356.2831
            [duration] => 2.0322818756104
            [processing] => 1.977205991745
            [date_start] => 2021-03-16T09:49:14+03:00
            [date_finish] => 2021-03-16T09:49:16+03:00
        )

)

------------------------

------------------------
2021.03.16 17:45:17
webform result
Array
(
    [result] => 75811
    [time] => Array
        (
            [start] => 1615905916.4408
            [finish] => 1615905917.8584
            [duration] => 1.4176421165466
            [processing] => 1.3709859848022
            [date_start] => 2021-03-16T17:45:16+03:00
            [date_finish] => 2021-03-16T17:45:17+03:00
        )

)

------------------------

------------------------
2021.03.18 6:17:29
webform result
Array
(
    [result] => 75881
    [time] => Array
        (
            [start] => 1616037448.2941
            [finish] => 1616037449.2765
            [duration] => 0.98240995407104
            [processing] => 0.95332002639771
            [date_start] => 2021-03-18T06:17:28+03:00
            [date_finish] => 2021-03-18T06:17:29+03:00
        )

)

------------------------

------------------------
2021.03.18 6:17:55
webform result
Array
(
    [result] => 75883
    [time] => Array
        (
            [start] => 1616037474.4432
            [finish] => 1616037475.0223
            [duration] => 0.57909107208252
            [processing] => 0.55665683746338
            [date_start] => 2021-03-18T06:17:54+03:00
            [date_finish] => 2021-03-18T06:17:55+03:00
        )

)

------------------------

------------------------
2021.03.18 10:54:45
webform result
Array
(
    [result] => 75925
    [time] => Array
        (
            [start] => 1616054084.4579
            [finish] => 1616054085.8214
            [duration] => 1.3635449409485
            [processing] => 1.320023059845
            [date_start] => 2021-03-18T10:54:44+03:00
            [date_finish] => 2021-03-18T10:54:45+03:00
        )

)

------------------------

------------------------
2021.03.22 11:25:25
webform result
Array
(
    [result] => 76173
    [time] => Array
        (
            [start] => 1616401523.3027
            [finish] => 1616401525.4402
            [duration] => 2.1375348567963
            [processing] => 2.0801959037781
            [date_start] => 2021-03-22T11:25:23+03:00
            [date_finish] => 2021-03-22T11:25:25+03:00
        )

)

------------------------

------------------------
2021.03.22 17:09:59
webform result
Array
(
    [result] => 76233
    [time] => Array
        (
            [start] => 1616422198.509
            [finish] => 1616422199.3281
            [duration] => 0.8191089630127
            [processing] => 0.79001998901367
            [date_start] => 2021-03-22T17:09:58+03:00
            [date_finish] => 2021-03-22T17:09:59+03:00
        )

)

------------------------

------------------------
2021.03.26 15:55:07
webform result
Array
(
    [result] => 76663
    [time] => Array
        (
            [start] => 1616763305.8109
            [finish] => 1616763307.395
            [duration] => 1.5840809345245
            [processing] => 1.5521788597107
            [date_start] => 2021-03-26T15:55:05+03:00
            [date_finish] => 2021-03-26T15:55:07+03:00
        )

)

------------------------

------------------------
2021.03.30 21:19:05
webform result
Array
(
    [result] => 76975
    [time] => Array
        (
            [start] => 1617128344.677
            [finish] => 1617128345.7391
            [duration] => 1.0620830059052
            [processing] => 1.0261318683624
            [date_start] => 2021-03-30T21:19:04+03:00
            [date_finish] => 2021-03-30T21:19:05+03:00
        )

)

------------------------

------------------------
2021.03.31 20:57:42
webform result
Array
(
    [result] => 77137
    [time] => Array
        (
            [start] => 1617213461.0776
            [finish] => 1617213462.2955
            [duration] => 1.2178778648376
            [processing] => 1.1732571125031
            [date_start] => 2021-03-31T20:57:41+03:00
            [date_finish] => 2021-03-31T20:57:42+03:00
        )

)

------------------------

------------------------
2021.04.01 10:17:00
webform result
Array
(
    [result] => 77153
    [time] => Array
        (
            [start] => 1617261418.5164
            [finish] => 1617261420.3925
            [duration] => 1.8761420249939
            [processing] => 1.8305759429932
            [date_start] => 2021-04-01T10:16:58+03:00
            [date_finish] => 2021-04-01T10:17:00+03:00
        )

)

------------------------

------------------------
2021.04.01 11:22:17
webform result
Array
(
    [result] => 77171
    [time] => Array
        (
            [start] => 1617265333.6442
            [finish] => 1617265337.8142
            [duration] => 4.1700050830841
            [processing] => 4.1128749847412
            [date_start] => 2021-04-01T11:22:13+03:00
            [date_finish] => 2021-04-01T11:22:17+03:00
        )

)

------------------------

------------------------
2021.04.01 12:08:40
webform result
Array
(
    [result] => 77189
    [time] => Array
        (
            [start] => 1617268119.1108
            [finish] => 1617268120.027
            [duration] => 0.91614103317261
            [processing] => 0.88978695869446
            [date_start] => 2021-04-01T12:08:39+03:00
            [date_finish] => 2021-04-01T12:08:40+03:00
        )

)

------------------------

------------------------
2021.04.02 10:45:46
webform result
Array
(
    [result] => 77311
    [time] => Array
        (
            [start] => 1617349545.086
            [finish] => 1617349546.2027
            [duration] => 1.1167051792145
            [processing] => 1.0734159946442
            [date_start] => 2021-04-02T10:45:45+03:00
            [date_finish] => 2021-04-02T10:45:46+03:00
        )

)

------------------------

------------------------
2021.04.03 12:42:18
webform result
Array
(
    [result] => 77423
    [time] => Array
        (
            [start] => 1617442937.3162
            [finish] => 1617442938.5576
            [duration] => 1.2413139343262
            [processing] => 1.2035570144653
            [date_start] => 2021-04-03T12:42:17+03:00
            [date_finish] => 2021-04-03T12:42:18+03:00
        )

)

------------------------

------------------------
2021.04.04 16:16:13
webform result
Array
(
    [result] => 77463
    [time] => Array
        (
            [start] => 1617542172.5623
            [finish] => 1617542173.0817
            [duration] => 0.51949000358582
            [processing] => 0.4989550113678
            [date_start] => 2021-04-04T16:16:12+03:00
            [date_finish] => 2021-04-04T16:16:13+03:00
        )

)

------------------------

------------------------
2021.04.04 16:16:35
webform result
Array
(
    [result] => 77465
    [time] => Array
        (
            [start] => 1617542194.8719
            [finish] => 1617542195.4199
            [duration] => 0.54805397987366
            [processing] => 0.52881693840027
            [date_start] => 2021-04-04T16:16:34+03:00
            [date_finish] => 2021-04-04T16:16:35+03:00
        )

)

------------------------

------------------------
2021.04.04 16:20:05
webform result
Array
(
    [result] => 77467
    [time] => Array
        (
            [start] => 1617542404.9019
            [finish] => 1617542405.5526
            [duration] => 0.65076088905334
            [processing] => 0.62944793701172
            [date_start] => 2021-04-04T16:20:04+03:00
            [date_finish] => 2021-04-04T16:20:05+03:00
        )

)

------------------------

------------------------
2021.04.04 16:28:29
webform result
Array
(
    [result] => 77469
    [time] => Array
        (
            [start] => 1617542908.9106
            [finish] => 1617542909.6717
            [duration] => 0.76109290122986
            [processing] => 0.73800492286682
            [date_start] => 2021-04-04T16:28:28+03:00
            [date_finish] => 2021-04-04T16:28:29+03:00
        )

)

------------------------

------------------------
2021.04.06 16:42:55
webform result
Array
(
    [result] => 77767
    [time] => Array
        (
            [start] => 1617716574.9652
            [finish] => 1617716575.9224
            [duration] => 0.95715403556824
            [processing] => 0.92500686645508
            [date_start] => 2021-04-06T16:42:54+03:00
            [date_finish] => 2021-04-06T16:42:55+03:00
        )

)

------------------------

------------------------
2021.04.08 14:21:18
webform result
Array
(
    [result] => 78007
    [time] => Array
        (
            [start] => 1617880876.9909
            [finish] => 1617880878.3524
            [duration] => 1.3614530563354
            [processing] => 1.3107829093933
            [date_start] => 2021-04-08T14:21:16+03:00
            [date_finish] => 2021-04-08T14:21:18+03:00
        )

)

------------------------

------------------------
2021.04.13 22:35:00
webform result
Array
(
    [result] => 78513
    [time] => Array
        (
            [start] => 1618342498.4178
            [finish] => 1618342500.0708
            [duration] => 1.6529910564423
            [processing] => 1.6024489402771
            [date_start] => 2021-04-13T22:34:58+03:00
            [date_finish] => 2021-04-13T22:35:00+03:00
        )

)

------------------------

------------------------
2021.04.14 0:43:38
webform result
Array
(
    [result] => 78517
    [time] => Array
        (
            [start] => 1618350216.7529
            [finish] => 1618350217.9798
            [duration] => 1.22691822052
            [processing] => 1.1881320476532
            [date_start] => 2021-04-14T00:43:36+03:00
            [date_finish] => 2021-04-14T00:43:37+03:00
        )

)

------------------------

------------------------
2021.04.14 14:00:13
webform result
Array
(
    [result] => 78629
    [time] => Array
        (
            [start] => 1618398012.5162
            [finish] => 1618398013.4949
            [duration] => 0.97874212265015
            [processing] => 0.93995308876038
            [date_start] => 2021-04-14T14:00:12+03:00
            [date_finish] => 2021-04-14T14:00:13+03:00
        )

)

------------------------

------------------------
2021.04.15 11:24:52
webform result
Array
(
    [result] => 78747
    [time] => Array
        (
            [start] => 1618475090.5536
            [finish] => 1618475092.0752
            [duration] => 1.5215809345245
            [processing] => 1.4840679168701
            [date_start] => 2021-04-15T11:24:50+03:00
            [date_finish] => 2021-04-15T11:24:52+03:00
        )

)

------------------------

------------------------
2021.04.15 12:30:29
webform result
Array
(
    [result] => 78767
    [time] => Array
        (
            [start] => 1618479028.4276
            [finish] => 1618479029.8949
            [duration] => 1.4672510623932
            [processing] => 1.42680311203
            [date_start] => 2021-04-15T12:30:28+03:00
            [date_finish] => 2021-04-15T12:30:29+03:00
        )

)

------------------------

------------------------
2021.04.15 12:43:16
webform result
Array
(
    [result] => 78779
    [time] => Array
        (
            [start] => 1618479795.5611
            [finish] => 1618479796.3564
            [duration] => 0.79533100128174
            [processing] => 0.75923919677734
            [date_start] => 2021-04-15T12:43:15+03:00
            [date_finish] => 2021-04-15T12:43:16+03:00
        )

)

------------------------

------------------------
2021.04.15 15:44:33
webform result
Array
(
    [result] => 78825
    [time] => Array
        (
            [start] => 1618490671.751
            [finish] => 1618490673.1646
            [duration] => 1.4136610031128
            [processing] => 1.3713390827179
            [date_start] => 2021-04-15T15:44:31+03:00
            [date_finish] => 2021-04-15T15:44:33+03:00
        )

)

------------------------

------------------------
2021.04.16 12:34:32
webform result
Array
(
    [result] => 78915
    [time] => Array
        (
            [start] => 1618565671.3773
            [finish] => 1618565672.9105
            [duration] => 1.5332090854645
            [processing] => 1.4993860721588
            [date_start] => 2021-04-16T12:34:31+03:00
            [date_finish] => 2021-04-16T12:34:32+03:00
        )

)

------------------------

------------------------
2021.04.16 20:44:08
webform result
Array
(
    [result] => 78999
    [time] => Array
        (
            [start] => 1618595047.5756
            [finish] => 1618595048.7804
            [duration] => 1.2048280239105
            [processing] => 1.1616861820221
            [date_start] => 2021-04-16T20:44:07+03:00
            [date_finish] => 2021-04-16T20:44:08+03:00
        )

)

------------------------

------------------------
2021.04.19 9:31:14
webform result
Array
(
    [result] => 79087
    [time] => Array
        (
            [start] => 1618813873.2108
            [finish] => 1618813874.1983
            [duration] => 0.98747396469116
            [processing] => 0.95767092704773
            [date_start] => 2021-04-19T09:31:13+03:00
            [date_finish] => 2021-04-19T09:31:14+03:00
        )

)

------------------------

------------------------
2021.04.20 12:14:18
webform result
Array
(
    [result] => 79295
    [time] => Array
        (
            [start] => 1618910057.3533
            [finish] => 1618910058.7951
            [duration] => 1.4418799877167
            [processing] => 1.3889610767365
            [date_start] => 2021-04-20T12:14:17+03:00
            [date_finish] => 2021-04-20T12:14:18+03:00
        )

)

------------------------

------------------------
2021.04.21 11:30:37
webform result
Array
(
    [result] => 79437
    [time] => Array
        (
            [start] => 1618993836.0569
            [finish] => 1618993837.3282
            [duration] => 1.2713370323181
            [processing] => 1.2387249469757
            [date_start] => 2021-04-21T11:30:36+03:00
            [date_finish] => 2021-04-21T11:30:37+03:00
        )

)

------------------------

------------------------
2021.04.21 14:22:02
webform result
Array
(
    [result] => 79497
    [time] => Array
        (
            [start] => 1619004121.3163
            [finish] => 1619004122.5541
            [duration] => 1.2377598285675
            [processing] => 1.2068321704865
            [date_start] => 2021-04-21T14:22:01+03:00
            [date_finish] => 2021-04-21T14:22:02+03:00
        )

)

------------------------

------------------------
2021.04.21 17:20:24
webform result
Array
(
    [result] => 79549
    [time] => Array
        (
            [start] => 1619014823.5508
            [finish] => 1619014824.616
            [duration] => 1.0651888847351
            [processing] => 1.033185005188
            [date_start] => 2021-04-21T17:20:23+03:00
            [date_finish] => 2021-04-21T17:20:24+03:00
        )

)

------------------------

------------------------
2021.04.23 9:37:43
webform result
Array
(
    [result] => 79811
    [time] => Array
        (
            [start] => 1619159861.6002
            [finish] => 1619159863.5072
            [duration] => 1.9070248603821
            [processing] => 1.8338730335236
            [date_start] => 2021-04-23T09:37:41+03:00
            [date_finish] => 2021-04-23T09:37:43+03:00
        )

)

------------------------

------------------------
2021.04.23 10:31:13
webform result
Array
(
    [result] => 79821
    [time] => Array
        (
            [start] => 1619163072.5493
            [finish] => 1619163073.758
            [duration] => 1.2087359428406
            [processing] => 1.1731269359589
            [date_start] => 2021-04-23T10:31:12+03:00
            [date_finish] => 2021-04-23T10:31:13+03:00
        )

)

------------------------

------------------------
2021.04.23 10:31:16
webform result
Array
(
    [result] => 79823
    [time] => Array
        (
            [start] => 1619163075.3535
            [finish] => 1619163076.0275
            [duration] => 0.67391896247864
            [processing] => 0.65415406227112
            [date_start] => 2021-04-23T10:31:15+03:00
            [date_finish] => 2021-04-23T10:31:16+03:00
        )

)

------------------------

------------------------
2021.04.23 10:31:33
webform result
Array
(
    [result] => 79825
    [time] => Array
        (
            [start] => 1619163092.8669
            [finish] => 1619163093.7524
            [duration] => 0.88549590110779
            [processing] => 0.86229991912842
            [date_start] => 2021-04-23T10:31:32+03:00
            [date_finish] => 2021-04-23T10:31:33+03:00
        )

)

------------------------

------------------------
2021.04.23 12:03:21
webform result
Array
(
    [result] => 79855
    [time] => Array
        (
            [start] => 1619168599.9946
            [finish] => 1619168601.5622
            [duration] => 1.5675640106201
            [processing] => 1.5248839855194
            [date_start] => 2021-04-23T12:03:19+03:00
            [date_finish] => 2021-04-23T12:03:21+03:00
        )

)

------------------------

------------------------
2021.04.23 15:35:37
webform result
Array
(
    [result] => 79937
    [time] => Array
        (
            [start] => 1619181336.7488
            [finish] => 1619181337.8057
            [duration] => 1.0569040775299
            [processing] => 1.0239479541779
            [date_start] => 2021-04-23T15:35:36+03:00
            [date_finish] => 2021-04-23T15:35:37+03:00
        )

)

------------------------

------------------------
2021.04.24 14:16:00
webform result
Array
(
    [result] => 80009
    [time] => Array
        (
            [start] => 1619262959.5289
            [finish] => 1619262960.3674
            [duration] => 0.83848285675049
            [processing] => 0.80565500259399
            [date_start] => 2021-04-24T14:15:59+03:00
            [date_finish] => 2021-04-24T14:16:00+03:00
        )

)

------------------------

------------------------
2021.04.25 21:04:28
webform result
Array
(
    [result] => 80083
    [time] => Array
        (
            [start] => 1619373867.5295
            [finish] => 1619373868.8057
            [duration] => 1.2762720584869
            [processing] => 1.2401740550995
            [date_start] => 2021-04-25T21:04:27+03:00
            [date_finish] => 2021-04-25T21:04:28+03:00
        )

)

------------------------

------------------------
2021.04.26 14:03:51
webform result
Array
(
    [result] => 80195
    [time] => Array
        (
            [start] => 1619435029.9883
            [finish] => 1619435031.0165
            [duration] => 1.0281810760498
            [processing] => 0.99642205238342
            [date_start] => 2021-04-26T14:03:49+03:00
            [date_finish] => 2021-04-26T14:03:51+03:00
        )

)

------------------------

------------------------
2021.04.27 9:01:17
webform result
Array
(
    [result] => 80301
    [time] => Array
        (
            [start] => 1619503274.9053
            [finish] => 1619503276.6857
            [duration] => 1.7804210186005
            [processing] => 1.7257919311523
            [date_start] => 2021-04-27T09:01:14+03:00
            [date_finish] => 2021-04-27T09:01:16+03:00
        )

)

------------------------

------------------------
2021.04.27 10:11:05
webform result
Array
(
    [result] => 80319
    [time] => Array
        (
            [start] => 1619507464.2447
            [finish] => 1619507465.6991
            [duration] => 1.4544088840485
            [processing] => 1.4041969776154
            [date_start] => 2021-04-27T10:11:04+03:00
            [date_finish] => 2021-04-27T10:11:05+03:00
        )

)

------------------------

------------------------
2021.04.27 10:14:10
webform result
Array
(
    [result] => 80321
    [time] => Array
        (
            [start] => 1619507649.2343
            [finish] => 1619507650.5008
            [duration] => 1.266576051712
            [processing] => 1.2173018455505
            [date_start] => 2021-04-27T10:14:09+03:00
            [date_finish] => 2021-04-27T10:14:10+03:00
        )

)

------------------------

------------------------
2021.04.27 19:36:56
webform result
Array
(
    [result] => 80491
    [time] => Array
        (
            [start] => 1619541415.3139
            [finish] => 1619541416.0544
            [duration] => 0.74052906036377
            [processing] => 0.71249485015869
            [date_start] => 2021-04-27T19:36:55+03:00
            [date_finish] => 2021-04-27T19:36:56+03:00
        )

)

------------------------

------------------------
2021.04.27 22:29:01
webform result
Array
(
    [result] => 80499
    [time] => Array
        (
            [start] => 1619551739.5706
            [finish] => 1619551741.23
            [duration] => 1.6593661308289
            [processing] => 1.6078398227692
            [date_start] => 2021-04-27T22:28:59+03:00
            [date_finish] => 2021-04-27T22:29:01+03:00
        )

)

------------------------

------------------------
2021.04.28 8:20:58
webform result
Array
(
    [result] => 80503
    [time] => Array
        (
            [start] => 1619587256.9603
            [finish] => 1619587258.2256
            [duration] => 1.2652428150177
            [processing] => 1.2349009513855
            [date_start] => 2021-04-28T08:20:56+03:00
            [date_finish] => 2021-04-28T08:20:58+03:00
        )

)

------------------------

------------------------
2021.04.28 19:27:31
webform result
Array
(
    [result] => 80703
    [time] => Array
        (
            [start] => 1619627251.035
            [finish] => 1619627251.9374
            [duration] => 0.90236306190491
            [processing] => 0.87428188323975
            [date_start] => 2021-04-28T19:27:31+03:00
            [date_finish] => 2021-04-28T19:27:31+03:00
        )

)

------------------------

------------------------
2021.04.30 16:46:32
webform result
Array
(
    [result] => 80995
    [time] => Array
        (
            [start] => 1619790391.3261
            [finish] => 1619790392.7564
            [duration] => 1.4303212165833
            [processing] => 1.3884990215302
            [date_start] => 2021-04-30T16:46:31+03:00
            [date_finish] => 2021-04-30T16:46:32+03:00
        )

)

------------------------

------------------------
2021.05.02 14:53:43
webform result
Array
(
    [result] => 81063
    [time] => Array
        (
            [start] => 1619956422.4777
            [finish] => 1619956423.2411
            [duration] => 0.76333498954773
            [processing] => 0.73996686935425
            [date_start] => 2021-05-02T14:53:42+03:00
            [date_finish] => 2021-05-02T14:53:43+03:00
        )

)

------------------------

------------------------
2021.05.02 16:49:24
webform result
Array
(
    [result] => 81067
    [time] => Array
        (
            [start] => 1619963364.0163
            [finish] => 1619963364.6385
            [duration] => 0.62214493751526
            [processing] => 0.59869408607483
            [date_start] => 2021-05-02T16:49:24+03:00
            [date_finish] => 2021-05-02T16:49:24+03:00
        )

)

------------------------

------------------------
2021.05.03 13:40:06
webform result
Array
(
    [result] => 81095
    [time] => Array
        (
            [start] => 1620038405.3399
            [finish] => 1620038406.0864
            [duration] => 0.74645400047302
            [processing] => 0.72009086608887
            [date_start] => 2021-05-03T13:40:05+03:00
            [date_finish] => 2021-05-03T13:40:06+03:00
        )

)

------------------------

------------------------
2021.05.03 16:10:14
webform result
Array
(
    [result] => 81107
    [time] => Array
        (
            [start] => 1620047413.1951
            [finish] => 1620047414.138
            [duration] => 0.94288611412048
            [processing] => 0.91283106803894
            [date_start] => 2021-05-03T16:10:13+03:00
            [date_finish] => 2021-05-03T16:10:14+03:00
        )

)

------------------------

------------------------
2021.05.04 11:13:33
webform result
Array
(
    [result] => 81139
    [time] => Array
        (
            [start] => 1620116011.6506
            [finish] => 1620116013.0578
            [duration] => 1.4071800708771
            [processing] => 1.3723700046539
            [date_start] => 2021-05-04T11:13:31+03:00
            [date_finish] => 2021-05-04T11:13:33+03:00
        )

)

------------------------

------------------------
2021.05.04 18:10:24
webform result
Array
(
    [result] => 81259
    [time] => Array
        (
            [start] => 1620141023.3162
            [finish] => 1620141024.2005
            [duration] => 0.88424015045166
            [processing] => 0.86197805404663
            [date_start] => 2021-05-04T18:10:23+03:00
            [date_finish] => 2021-05-04T18:10:24+03:00
        )

)

------------------------

------------------------
2021.05.05 15:27:25
webform result
Array
(
    [result] => 81423
    [time] => Array
        (
            [start] => 1620217644.5885
            [finish] => 1620217645.6582
            [duration] => 1.0697290897369
            [processing] => 1.0326249599457
            [date_start] => 2021-05-05T15:27:24+03:00
            [date_finish] => 2021-05-05T15:27:25+03:00
        )

)

------------------------

------------------------
2021.05.05 19:16:51
webform result
Array
(
    [result] => 81447
    [time] => Array
        (
            [start] => 1620231410.3806
            [finish] => 1620231411.1512
            [duration] => 0.77062797546387
            [processing] => 0.74572396278381
            [date_start] => 2021-05-05T19:16:50+03:00
            [date_finish] => 2021-05-05T19:16:51+03:00
        )

)

------------------------

------------------------
2021.05.06 20:58:12
webform result
Array
(
    [result] => 81613
    [time] => Array
        (
            [start] => 1620323891.6604
            [finish] => 1620323892.7777
            [duration] => 1.1172740459442
            [processing] => 1.0666360855103
            [date_start] => 2021-05-06T20:58:11+03:00
            [date_finish] => 2021-05-06T20:58:12+03:00
        )

)

------------------------

------------------------
2021.05.06 21:20:50
webform result
Array
(
    [result] => 81615
    [time] => Array
        (
            [start] => 1620325249.2383
            [finish] => 1620325250.4181
            [duration] => 1.1798188686371
            [processing] => 1.143385887146
            [date_start] => 2021-05-06T21:20:49+03:00
            [date_finish] => 2021-05-06T21:20:50+03:00
        )

)

------------------------

------------------------
2021.05.06 21:56:58
webform result
Array
(
    [result] => 81617
    [time] => Array
        (
            [start] => 1620327417.1787
            [finish] => 1620327418.5923
            [duration] => 1.4135839939117
            [processing] => 1.3558330535889
            [date_start] => 2021-05-06T21:56:57+03:00
            [date_finish] => 2021-05-06T21:56:58+03:00
        )

)

------------------------

------------------------
2021.05.07 10:26:10
webform result
Array
(
    [result] => 81639
    [time] => Array
        (
            [start] => 1620372369.258
            [finish] => 1620372370.6844
            [duration] => 1.4264280796051
            [processing] => 1.3893759250641
            [date_start] => 2021-05-07T10:26:09+03:00
            [date_finish] => 2021-05-07T10:26:10+03:00
        )

)

------------------------

------------------------
2021.05.07 22:09:52
webform result
Array
(
    [result] => 81733
    [time] => Array
        (
            [start] => 1620414591.9369
            [finish] => 1620414592.7597
            [duration] => 0.8228600025177
            [processing] => 0.79924392700195
            [date_start] => 2021-05-07T22:09:51+03:00
            [date_finish] => 2021-05-07T22:09:52+03:00
        )

)

------------------------

------------------------
2021.05.08 8:48:56
webform result
Array
(
    [result] => 81737
    [time] => Array
        (
            [start] => 1620452934.8114
            [finish] => 1620452936.4251
            [duration] => 1.6136250495911
            [processing] => 1.5523610115051
            [date_start] => 2021-05-08T08:48:54+03:00
            [date_finish] => 2021-05-08T08:48:56+03:00
        )

)

------------------------

------------------------
2021.05.08 12:41:06
webform result
Array
(
    [result] => 81769
    [time] => Array
        (
            [start] => 1620466865.2951
            [finish] => 1620466866.582
            [duration] => 1.2869369983673
            [processing] => 1.2256209850311
            [date_start] => 2021-05-08T12:41:05+03:00
            [date_finish] => 2021-05-08T12:41:06+03:00
        )

)

------------------------

------------------------
2021.05.08 12:55:09
webform result
Array
(
    [result] => 81775
    [time] => Array
        (
            [start] => 1620467707.8641
            [finish] => 1620467708.9883
            [duration] => 1.1241798400879
            [processing] => 1.0781259536743
            [date_start] => 2021-05-08T12:55:07+03:00
            [date_finish] => 2021-05-08T12:55:08+03:00
        )

)

------------------------

------------------------
2021.05.10 14:11:02
webform result
Array
(
    [result] => 81875
    [time] => Array
        (
            [start] => 1620645061.3793
            [finish] => 1620645062.1613
            [duration] => 0.7819619178772
            [processing] => 0.75871109962463
            [date_start] => 2021-05-10T14:11:01+03:00
            [date_finish] => 2021-05-10T14:11:02+03:00
        )

)

------------------------

------------------------
2021.05.10 14:18:48
webform result
Array
(
    [result] => 81881
    [time] => Array
        (
            [start] => 1620645527.8092
            [finish] => 1620645528.4151
            [duration] => 0.60584497451782
            [processing] => 0.5863049030304
            [date_start] => 2021-05-10T14:18:47+03:00
            [date_finish] => 2021-05-10T14:18:48+03:00
        )

)

------------------------

------------------------
2021.05.12 11:54:22
webform result
Array
(
    [result] => 82079
    [time] => Array
        (
            [start] => 1620809659.1394
            [finish] => 1620809662.7763
            [duration] => 3.6369240283966
            [processing] => 3.3952870368958
            [date_start] => 2021-05-12T11:54:19+03:00
            [date_finish] => 2021-05-12T11:54:22+03:00
        )

)

------------------------

------------------------
2021.05.12 13:01:28
webform result
Array
(
    [result] => 82101
    [time] => Array
        (
            [start] => 1620813685.6309
            [finish] => 1620813688.8567
            [duration] => 3.2257468700409
            [processing] => 3.1369850635529
            [date_start] => 2021-05-12T13:01:25+03:00
            [date_finish] => 2021-05-12T13:01:28+03:00
        )

)

------------------------

------------------------
2021.05.13 11:02:07
webform result
Array
(
    [result] => 82297
    [time] => Array
        (
            [start] => 1620892924.1033
            [finish] => 1620892927.0155
            [duration] => 2.9121799468994
            [processing] => 2.8481779098511
            [date_start] => 2021-05-13T11:02:04+03:00
            [date_finish] => 2021-05-13T11:02:07+03:00
        )

)

------------------------

------------------------
2021.05.15 8:57:40
webform result
Array
(
    [result] => 82649
    [time] => Array
        (
            [start] => 1621058258.9759
            [finish] => 1621058260.2265
            [duration] => 1.2506129741669
            [processing] => 1.2148129940033
            [date_start] => 2021-05-15T08:57:38+03:00
            [date_finish] => 2021-05-15T08:57:40+03:00
        )

)

------------------------

------------------------
2021.05.15 13:05:49
webform result
Array
(
    [result] => 82669
    [time] => Array
        (
            [start] => 1621073148.302
            [finish] => 1621073148.9752
            [duration] => 0.67319393157959
            [processing] => 0.64950799942017
            [date_start] => 2021-05-15T13:05:48+03:00
            [date_finish] => 2021-05-15T13:05:48+03:00
        )

)

------------------------

------------------------
2021.05.16 14:05:38
webform result
Array
(
    [result] => 82735
    [time] => Array
        (
            [start] => 1621163137.0396
            [finish] => 1621163138.0572
            [duration] => 1.0175201892853
            [processing] => 0.98812913894653
            [date_start] => 2021-05-16T14:05:37+03:00
            [date_finish] => 2021-05-16T14:05:38+03:00
        )

)

------------------------

------------------------
2021.05.16 16:55:07
webform result
Array
(
    [result] => 82757
    [time] => Array
        (
            [start] => 1621173306.4701
            [finish] => 1621173307.1648
            [duration] => 0.69471597671509
            [processing] => 0.66988682746887
            [date_start] => 2021-05-16T16:55:06+03:00
            [date_finish] => 2021-05-16T16:55:07+03:00
        )

)

------------------------

------------------------
2021.05.17 13:37:54
webform result
Array
(
    [result] => 82881
    [time] => Array
        (
            [start] => 1621247873.5038
            [finish] => 1621247874.8313
            [duration] => 1.327465057373
            [processing] => 1.2673509120941
            [date_start] => 2021-05-17T13:37:53+03:00
            [date_finish] => 2021-05-17T13:37:54+03:00
        )

)

------------------------

------------------------
2021.05.17 13:39:08
webform result
Array
(
    [result] => 82885
    [time] => Array
        (
            [start] => 1621247947.2742
            [finish] => 1621247948.2038
            [duration] => 0.9295539855957
            [processing] => 0.89274597167969
            [date_start] => 2021-05-17T13:39:07+03:00
            [date_finish] => 2021-05-17T13:39:08+03:00
        )

)

------------------------

------------------------
2021.05.17 20:43:37
webform result
Array
(
    [result] => 83007
    [time] => Array
        (
            [start] => 1621273416.3837
            [finish] => 1621273417.2565
            [duration] => 0.87278294563293
            [processing] => 0.83578991889954
            [date_start] => 2021-05-17T20:43:36+03:00
            [date_finish] => 2021-05-17T20:43:37+03:00
        )

)

------------------------

------------------------
2021.05.19 7:16:58
webform result
Array
(
    [result] => 83209
    [time] => Array
        (
            [start] => 1621397816.9853
            [finish] => 1621397818.1565
            [duration] => 1.1711881160736
            [processing] => 1.1334400177002
            [date_start] => 2021-05-19T07:16:56+03:00
            [date_finish] => 2021-05-19T07:16:58+03:00
        )

)

------------------------

------------------------
2021.05.19 14:36:12
webform result
Array
(
    [result] => 83329
    [time] => Array
        (
            [start] => 1621424170.5624
            [finish] => 1621424172.4775
            [duration] => 1.9150381088257
            [processing] => 1.871367931366
            [date_start] => 2021-05-19T14:36:10+03:00
            [date_finish] => 2021-05-19T14:36:12+03:00
        )

)

------------------------

------------------------
2021.05.19 14:44:00
webform result
Array
(
    [result] => 83333
    [time] => Array
        (
            [start] => 1621424639.009
            [finish] => 1621424640.31
            [duration] => 1.301008939743
            [processing] => 1.2459359169006
            [date_start] => 2021-05-19T14:43:59+03:00
            [date_finish] => 2021-05-19T14:44:00+03:00
        )

)

------------------------

------------------------
2021.05.20 9:26:27
webform result
Array
(
    [result] => 83409
    [time] => Array
        (
            [start] => 1621491986.1741
            [finish] => 1621491987.8385
            [duration] => 1.6644232273102
            [processing] => 1.6132471561432
            [date_start] => 2021-05-20T09:26:26+03:00
            [date_finish] => 2021-05-20T09:26:27+03:00
        )

)

------------------------

------------------------
2021.05.20 14:14:31
webform result
Array
(
    [result] => 83533
    [time] => Array
        (
            [start] => 1621509270.1699
            [finish] => 1621509271.1548
            [duration] => 0.98486804962158
            [processing] => 0.95444893836975
            [date_start] => 2021-05-20T14:14:30+03:00
            [date_finish] => 2021-05-20T14:14:31+03:00
        )

)

------------------------

------------------------
2021.05.21 13:35:37
webform result
Array
(
    [result] => 83711
    [time] => Array
        (
            [start] => 1621593335.7166
            [finish] => 1621593337.4323
            [duration] => 1.7157108783722
            [processing] => 1.6630938053131
            [date_start] => 2021-05-21T13:35:35+03:00
            [date_finish] => 2021-05-21T13:35:37+03:00
        )

)

------------------------

------------------------
2021.05.22 9:08:45
webform result
Array
(
    [result] => 83815
    [time] => Array
        (
            [start] => 1621663723.6156
            [finish] => 1621663725.0673
            [duration] => 1.4517259597778
            [processing] => 1.3902361392975
            [date_start] => 2021-05-22T09:08:43+03:00
            [date_finish] => 2021-05-22T09:08:45+03:00
        )

)

------------------------

------------------------
2021.05.22 18:07:41
webform result
Array
(
    [result] => 83891
    [time] => Array
        (
            [start] => 1621696060.8409
            [finish] => 1621696061.4464
            [duration] => 0.60551309585571
            [processing] => 0.58368396759033
            [date_start] => 2021-05-22T18:07:40+03:00
            [date_finish] => 2021-05-22T18:07:41+03:00
        )

)

------------------------

------------------------
2021.05.24 22:47:56
webform result
Array
(
    [result] => 84151
    [time] => Array
        (
            [start] => 1621885674.9455
            [finish] => 1621885676.5622
            [duration] => 1.616644859314
            [processing] => 1.5740919113159
            [date_start] => 2021-05-24T22:47:54+03:00
            [date_finish] => 2021-05-24T22:47:56+03:00
        )

)

------------------------

------------------------
2021.05.25 12:26:30
webform result
Array
(
    [result] => 84215
    [time] => Array
        (
            [start] => 1621934788.0404
            [finish] => 1621934790.2234
            [duration] => 2.1830418109894
            [processing] => 2.137797832489
            [date_start] => 2021-05-25T12:26:28+03:00
            [date_finish] => 2021-05-25T12:26:30+03:00
        )

)

------------------------

------------------------
2021.05.25 13:00:16
webform result
Array
(
    [result] => 84221
    [time] => Array
        (
            [start] => 1621936811.2321
            [finish] => 1621936816.7249
            [duration] => 5.4928112030029
            [processing] => 5.3210439682007
            [date_start] => 2021-05-25T13:00:11+03:00
            [date_finish] => 2021-05-25T13:00:16+03:00
        )

)

------------------------

------------------------
2021.05.25 14:17:07
webform result
Array
(
    [result] => 84271
    [time] => Array
        (
            [start] => 1621941426.1087
            [finish] => 1621941427.9289
            [duration] => 1.8201379776001
            [processing] => 1.7625889778137
            [date_start] => 2021-05-25T14:17:06+03:00
            [date_finish] => 2021-05-25T14:17:07+03:00
        )

)

------------------------

------------------------
2021.05.25 17:18:07
webform result
Array
(
    [result] => 84331
    [time] => Array
        (
            [start] => 1621952286.152
            [finish] => 1621952287.8355
            [duration] => 1.6835031509399
            [processing] => 1.6366617679596
            [date_start] => 2021-05-25T17:18:06+03:00
            [date_finish] => 2021-05-25T17:18:07+03:00
        )

)

------------------------

------------------------
2021.05.25 17:59:42
webform result
Array
(
    [result] => 84341
    [time] => Array
        (
            [start] => 1621954781.292
            [finish] => 1621954782.3539
            [duration] => 1.0618979930878
            [processing] => 1.0234141349792
            [date_start] => 2021-05-25T17:59:41+03:00
            [date_finish] => 2021-05-25T17:59:42+03:00
        )

)

------------------------

------------------------
2021.05.25 18:00:34
webform result
Array
(
    [result] => 84343
    [time] => Array
        (
            [start] => 1621954833.4837
            [finish] => 1621954834.8002
            [duration] => 1.316507101059
            [processing] => 1.2664239406586
            [date_start] => 2021-05-25T18:00:33+03:00
            [date_finish] => 2021-05-25T18:00:34+03:00
        )

)

------------------------

------------------------
2021.05.26 9:32:13
webform result
Array
(
    [result] => 84371
    [time] => Array
        (
            [start] => 1622010729.3642
            [finish] => 1622010733.6319
            [duration] => 4.2677299976349
            [processing] => 4.0932331085205
            [date_start] => 2021-05-26T09:32:09+03:00
            [date_finish] => 2021-05-26T09:32:13+03:00
        )

)

------------------------

------------------------
2021.05.26 14:08:10
webform result
Array
(
    [result] => 84485
    [time] => Array
        (
            [start] => 1622027289.8914
            [finish] => 1622027290.8339
            [duration] => 0.94257402420044
            [processing] => 0.90672206878662
            [date_start] => 2021-05-26T14:08:09+03:00
            [date_finish] => 2021-05-26T14:08:10+03:00
        )

)

------------------------

------------------------
2021.05.26 19:21:19
webform result
Array
(
    [result] => 84599
    [time] => Array
        (
            [start] => 1622046078.6603
            [finish] => 1622046079.3075
            [duration] => 0.64726400375366
            [processing] => 0.6199209690094
            [date_start] => 2021-05-26T19:21:18+03:00
            [date_finish] => 2021-05-26T19:21:19+03:00
        )

)

------------------------

------------------------
2021.05.27 8:22:11
webform result
Array
(
    [result] => 84615
    [time] => Array
        (
            [start] => 1622092928.2402
            [finish] => 1622092930.141
            [duration] => 1.9007971286774
            [processing] => 1.8265018463135
            [date_start] => 2021-05-27T08:22:08+03:00
            [date_finish] => 2021-05-27T08:22:10+03:00
        )

)

------------------------

------------------------
2021.05.27 8:58:08
webform result
Array
(
    [result] => 84621
    [time] => Array
        (
            [start] => 1622095087.4266
            [finish] => 1622095088.9792
            [duration] => 1.5526180267334
            [processing] => 1.5087890625
            [date_start] => 2021-05-27T08:58:07+03:00
            [date_finish] => 2021-05-27T08:58:08+03:00
        )

)

------------------------

------------------------
2021.05.27 11:12:44
webform result
Array
(
    [result] => 84651
    [time] => Array
        (
            [start] => 1622103163.1027
            [finish] => 1622103164.197
            [duration] => 1.0942988395691
            [processing] => 1.0701279640198
            [date_start] => 2021-05-27T11:12:43+03:00
            [date_finish] => 2021-05-27T11:12:44+03:00
        )

)

------------------------

------------------------
2021.05.27 19:48:07
webform result
Array
(
    [result] => 84827
    [time] => Array
        (
            [start] => 1622134086.3679
            [finish] => 1622134087.1314
            [duration] => 0.76346683502197
            [processing] => 0.72736382484436
            [date_start] => 2021-05-27T19:48:06+03:00
            [date_finish] => 2021-05-27T19:48:07+03:00
        )

)

------------------------

------------------------
2021.05.29 9:34:47
webform result
Array
(
    [result] => 85039
    [time] => Array
        (
            [start] => 1622270086.7429
            [finish] => 1622270087.3722
            [duration] => 0.62938213348389
            [processing] => 0.60741806030273
            [date_start] => 2021-05-29T09:34:46+03:00
            [date_finish] => 2021-05-29T09:34:47+03:00
        )

)

------------------------

------------------------
2021.05.29 16:16:22
webform result
Array
(
    [result] => 85079
    [time] => Array
        (
            [start] => 1622294181.6573
            [finish] => 1622294182.7096
            [duration] => 1.0522108078003
            [processing] => 1.0188870429993
            [date_start] => 2021-05-29T16:16:21+03:00
            [date_finish] => 2021-05-29T16:16:22+03:00
        )

)

------------------------

------------------------
2021.05.30 16:37:12
webform result
Array
(
    [result] => 85125
    [time] => Array
        (
            [start] => 1622381832.1175
            [finish] => 1622381832.8651
            [duration] => 0.74765586853027
            [processing] => 0.72022819519043
            [date_start] => 2021-05-30T16:37:12+03:00
            [date_finish] => 2021-05-30T16:37:12+03:00
        )

)

------------------------

------------------------
2021.05.30 16:37:51
webform result
Array
(
    [result] => 85127
    [time] => Array
        (
            [start] => 1622381871.0682
            [finish] => 1622381871.7757
            [duration] => 0.70754289627075
            [processing] => 0.67185401916504
            [date_start] => 2021-05-30T16:37:51+03:00
            [date_finish] => 2021-05-30T16:37:51+03:00
        )

)

------------------------

------------------------
2021.05.31 10:55:56
webform result
Array
(
    [result] => 85157
    [time] => Array
        (
            [start] => 1622447753.7838
            [finish] => 1622447756.4646
            [duration] => 2.6807160377502
            [processing] => 2.6121351718903
            [date_start] => 2021-05-31T10:55:53+03:00
            [date_finish] => 2021-05-31T10:55:56+03:00
        )

)

------------------------

------------------------
2021.05.31 17:07:28
webform result
Array
(
    [result] => 85255
    [time] => Array
        (
            [start] => 1622470046.0198
            [finish] => 1622470048.1466
            [duration] => 2.1268351078033
            [processing] => 2.0478529930115
            [date_start] => 2021-05-31T17:07:26+03:00
            [date_finish] => 2021-05-31T17:07:28+03:00
        )

)

------------------------

------------------------
2021.06.01 9:00:37
webform result
Array
(
    [result] => 85307
    [time] => Array
        (
            [start] => 1622527234.0924
            [finish] => 1622527236.6502
            [duration] => 2.5578019618988
            [processing] => 2.4707911014557
            [date_start] => 2021-06-01T09:00:34+03:00
            [date_finish] => 2021-06-01T09:00:36+03:00
        )

)

------------------------

------------------------
2021.06.01 10:32:17
webform result
Array
(
    [result] => 85321
    [time] => Array
        (
            [start] => 1622532734.5862
            [finish] => 1622532737.5145
            [duration] => 2.9282550811768
            [processing] => 2.8447921276093
            [date_start] => 2021-06-01T10:32:14+03:00
            [date_finish] => 2021-06-01T10:32:17+03:00
        )

)

------------------------

------------------------
2021.06.01 12:48:00
webform result
Array
(
    [result] => 85367
    [time] => Array
        (
            [start] => 1622540879.6796
            [finish] => 1622540880.6937
            [duration] => 1.0141110420227
            [processing] => 0.98457002639771
            [date_start] => 2021-06-01T12:47:59+03:00
            [date_finish] => 2021-06-01T12:48:00+03:00
        )

)

------------------------

------------------------
2021.06.02 16:31:49
webform result
Array
(
    [result] => 85609
    [time] => Array
        (
            [start] => 1622640708.1683
            [finish] => 1622640709.0658
            [duration] => 0.89745593070984
            [processing] => 0.86191010475159
            [date_start] => 2021-06-02T16:31:48+03:00
            [date_finish] => 2021-06-02T16:31:49+03:00
        )

)

------------------------

------------------------
2021.06.03 12:33:02
webform result
Array
(
    [result] => 85667
    [time] => Array
        (
            [start] => 1622712781.0911
            [finish] => 1622712782.2765
            [duration] => 1.1853339672089
            [processing] => 1.1461329460144
            [date_start] => 2021-06-03T12:33:01+03:00
            [date_finish] => 2021-06-03T12:33:02+03:00
        )

)

------------------------

------------------------
2021.06.04 11:23:32
webform result
Array
(
    [result] => 85785
    [time] => Array
        (
            [start] => 1622795009.6764
            [finish] => 1622795012.0827
            [duration] => 2.4062809944153
            [processing] => 2.3100690841675
            [date_start] => 2021-06-04T11:23:29+03:00
            [date_finish] => 2021-06-04T11:23:32+03:00
        )

)

------------------------

------------------------
2021.06.07 9:20:21
webform result
Array
(
    [result] => 86001
    [time] => Array
        (
            [start] => 1623046819.78
            [finish] => 1623046821.7967
            [duration] => 2.0166840553284
            [processing] => 1.9264440536499
            [date_start] => 2021-06-07T09:20:19+03:00
            [date_finish] => 2021-06-07T09:20:21+03:00
        )

)

------------------------

------------------------
2021.06.07 9:46:07
webform result
Array
(
    [result] => 86011
    [time] => Array
        (
            [start] => 1623048365.5681
            [finish] => 1623048366.8005
            [duration] => 1.232421875
            [processing] => 1.1951808929443
            [date_start] => 2021-06-07T09:46:05+03:00
            [date_finish] => 2021-06-07T09:46:06+03:00
        )

)

------------------------

------------------------
2021.06.07 12:07:07
webform result
Array
(
    [result] => 86065
    [time] => Array
        (
            [start] => 1623056825.2404
            [finish] => 1623056827.0048
            [duration] => 1.764456987381
            [processing] => 1.6970570087433
            [date_start] => 2021-06-07T12:07:05+03:00
            [date_finish] => 2021-06-07T12:07:07+03:00
        )

)

------------------------

------------------------
2021.06.07 12:53:50
webform result
Array
(
    [result] => 86085
    [time] => Array
        (
            [start] => 1623059628.7963
            [finish] => 1623059630.4748
            [duration] => 1.6784958839417
            [processing] => 1.6327478885651
            [date_start] => 2021-06-07T12:53:48+03:00
            [date_finish] => 2021-06-07T12:53:50+03:00
        )

)

------------------------

------------------------
2021.06.07 13:15:04
webform result
Array
(
    [result] => 86093
    [time] => Array
        (
            [start] => 1623060902.7144
            [finish] => 1623060904.709
            [duration] => 1.9945929050446
            [processing] => 1.9465639591217
            [date_start] => 2021-06-07T13:15:02+03:00
            [date_finish] => 2021-06-07T13:15:04+03:00
        )

)

------------------------

------------------------
2021.06.08 13:39:28
webform result
Array
(
    [result] => 86269
    [time] => Array
        (
            [start] => 1623148766.143
            [finish] => 1623148768.0452
            [duration] => 1.9021618366241
            [processing] => 1.8604929447174
            [date_start] => 2021-06-08T13:39:26+03:00
            [date_finish] => 2021-06-08T13:39:28+03:00
        )

)

------------------------

------------------------
2021.06.10 18:44:20
webform result
Array
(
    [result] => 86763
    [time] => Array
        (
            [start] => 1623339859.9603
            [finish] => 1623339860.8665
            [duration] => 0.9062511920929
            [processing] => 0.87467885017395
            [date_start] => 2021-06-10T18:44:19+03:00
            [date_finish] => 2021-06-10T18:44:20+03:00
        )

)

------------------------

------------------------
2021.06.11 16:48:43
webform result
Array
(
    [result] => 86923
    [time] => Array
        (
            [start] => 1623419321.9882
            [finish] => 1623419323.0162
            [duration] => 1.0279700756073
            [processing] => 0.99903082847595
            [date_start] => 2021-06-11T16:48:41+03:00
            [date_finish] => 2021-06-11T16:48:43+03:00
        )

)

------------------------

------------------------
2021.06.14 13:01:30
webform result
Array
(
    [result] => 87109
    [time] => Array
        (
            [start] => 1623664889.1782
            [finish] => 1623664890.1985
            [duration] => 1.0202050209045
            [processing] => 0.98222208023071
            [date_start] => 2021-06-14T13:01:29+03:00
            [date_finish] => 2021-06-14T13:01:30+03:00
        )

)

------------------------

------------------------
2021.06.14 13:44:11
webform result
Array
(
    [result] => 87115
    [time] => Array
        (
            [start] => 1623667449.2285
            [finish] => 1623667451.137
            [duration] => 1.9084870815277
            [processing] => 1.8518080711365
            [date_start] => 2021-06-14T13:44:09+03:00
            [date_finish] => 2021-06-14T13:44:11+03:00
        )

)

------------------------

------------------------
2021.06.14 14:02:02
webform result
Array
(
    [result] => 87121
    [time] => Array
        (
            [start] => 1623668521.4637
            [finish] => 1623668522.8511
            [duration] => 1.3874480724335
            [processing] => 1.3072030544281
            [date_start] => 2021-06-14T14:02:01+03:00
            [date_finish] => 2021-06-14T14:02:02+03:00
        )

)

------------------------

------------------------
2021.06.14 14:04:24
webform result
Array
(
    [result] => 87123
    [time] => Array
        (
            [start] => 1623668663.0211
            [finish] => 1623668664.0057
            [duration] => 0.98458385467529
            [processing] => 0.93784809112549
            [date_start] => 2021-06-14T14:04:23+03:00
            [date_finish] => 2021-06-14T14:04:24+03:00
        )

)

------------------------

------------------------
2021.06.15 13:57:46
webform result
Array
(
    [result] => 87247
    [time] => Array
        (
            [start] => 1623754664.5077
            [finish] => 1623754666.1139
            [duration] => 1.6061768531799
            [processing] => 1.5534121990204
            [date_start] => 2021-06-15T13:57:44+03:00
            [date_finish] => 2021-06-15T13:57:46+03:00
        )

)

------------------------

------------------------
2021.06.16 11:17:47
webform result
Array
(
    [result] => 87405
    [time] => Array
        (
            [start] => 1623831465.6153
            [finish] => 1623831467.1487
            [duration] => 1.5334448814392
            [processing] => 1.4677929878235
            [date_start] => 2021-06-16T11:17:45+03:00
            [date_finish] => 2021-06-16T11:17:47+03:00
        )

)

------------------------

------------------------
2021.06.16 11:36:01
webform result
Array
(
    [result] => 87409
    [time] => Array
        (
            [start] => 1623832558.9049
            [finish] => 1623832561.2839
            [duration] => 2.3790447711945
            [processing] => 2.2959339618683
            [date_start] => 2021-06-16T11:35:58+03:00
            [date_finish] => 2021-06-16T11:36:01+03:00
        )

)

------------------------

------------------------
2021.06.16 12:42:11
webform result
Array
(
    [result] => 87445
    [time] => Array
        (
            [start] => 1623836529.6791
            [finish] => 1623836530.9764
            [duration] => 1.2972288131714
            [processing] => 1.2460269927979
            [date_start] => 2021-06-16T12:42:09+03:00
            [date_finish] => 2021-06-16T12:42:10+03:00
        )

)

------------------------

------------------------
2021.06.16 13:14:43
webform result
Array
(
    [result] => 87455
    [time] => Array
        (
            [start] => 1623838482.0771
            [finish] => 1623838483.8865
            [duration] => 1.8094220161438
            [processing] => 1.7698180675507
            [date_start] => 2021-06-16T13:14:42+03:00
            [date_finish] => 2021-06-16T13:14:43+03:00
        )

)

------------------------

------------------------
2021.06.17 14:23:32
webform result
Array
(
    [result] => 87683
    [time] => Array
        (
            [start] => 1623929010.7094
            [finish] => 1623929012.2527
            [duration] => 1.5432710647583
            [processing] => 1.4932479858398
            [date_start] => 2021-06-17T14:23:30+03:00
            [date_finish] => 2021-06-17T14:23:32+03:00
        )

)

------------------------

------------------------
2021.06.17 21:55:29
webform result
Array
(
    [result] => 87763
    [time] => Array
        (
            [start] => 1623956127.8588
            [finish] => 1623956129.4621
            [duration] => 1.6033232212067
            [processing] => 1.5602049827576
            [date_start] => 2021-06-17T21:55:27+03:00
            [date_finish] => 2021-06-17T21:55:29+03:00
        )

)

------------------------

------------------------
2021.06.18 14:46:27
webform result
Array
(
    [result] => 87899
    [time] => Array
        (
            [start] => 1624016785.8545
            [finish] => 1624016787.3652
            [duration] => 1.5107078552246
            [processing] => 1.4428360462189
            [date_start] => 2021-06-18T14:46:25+03:00
            [date_finish] => 2021-06-18T14:46:27+03:00
        )

)

------------------------

------------------------
2021.06.19 14:45:24
webform result
Array
(
    [result] => 88005
    [time] => Array
        (
            [start] => 1624103123.5993
            [finish] => 1624103124.4829
            [duration] => 0.88356304168701
            [processing] => 0.85475397109985
            [date_start] => 2021-06-19T14:45:23+03:00
            [date_finish] => 2021-06-19T14:45:24+03:00
        )

)

------------------------

------------------------
2021.06.21 16:53:23
webform result
Array
(
    [result] => 88233
    [time] => Array
        (
            [start] => 1624283602.8597
            [finish] => 1624283603.8401
            [duration] => 0.98043012619019
            [processing] => 0.95154500007629
            [date_start] => 2021-06-21T16:53:22+03:00
            [date_finish] => 2021-06-21T16:53:23+03:00
        )

)

------------------------

------------------------
2021.06.21 17:59:40
webform result
Array
(
    [result] => 88249
    [time] => Array
        (
            [start] => 1624287579.2626
            [finish] => 1624287580.2031
            [duration] => 0.94051313400269
            [processing] => 0.9124858379364
            [date_start] => 2021-06-21T17:59:39+03:00
            [date_finish] => 2021-06-21T17:59:40+03:00
        )

)

------------------------

------------------------
2021.06.23 14:26:07
webform result
Array
(
    [result] => 88551
    [time] => Array
        (
            [start] => 1624447566.1965
            [finish] => 1624447567.5575
            [duration] => 1.3609812259674
            [processing] => 1.311518907547
            [date_start] => 2021-06-23T14:26:06+03:00
            [date_finish] => 2021-06-23T14:26:07+03:00
        )

)

------------------------

------------------------
2021.06.24 18:19:47
webform result
Array
(
    [result] => 88767
    [time] => Array
        (
            [start] => 1624547986.5653
            [finish] => 1624547987.4145
            [duration] => 0.84920191764832
            [processing] => 0.82092690467834
            [date_start] => 2021-06-24T18:19:46+03:00
            [date_finish] => 2021-06-24T18:19:47+03:00
        )

)

------------------------

------------------------
2021.06.28 9:30:10
webform result
Array
(
    [result] => 89041
    [time] => Array
        (
            [start] => 1624861808.3179
            [finish] => 1624861810.3705
            [duration] => 2.0525481700897
            [processing] => 2.0001509189606
            [date_start] => 2021-06-28T09:30:08+03:00
            [date_finish] => 2021-06-28T09:30:10+03:00
        )

)

------------------------

------------------------
2021.06.28 12:56:00
webform result
Array
(
    [result] => 89115
    [time] => Array
        (
            [start] => 1624874158.7659
            [finish] => 1624874160.041
            [duration] => 1.2750918865204
            [processing] => 1.2284278869629
            [date_start] => 2021-06-28T12:55:58+03:00
            [date_finish] => 2021-06-28T12:56:00+03:00
        )

)

------------------------

------------------------
2021.06.28 19:57:58
webform result
Array
(
    [result] => 89219
    [time] => Array
        (
            [start] => 1624899477.1231
            [finish] => 1624899478.8413
            [duration] => 1.718169927597
            [processing] => 1.6675760746002
            [date_start] => 2021-06-28T19:57:57+03:00
            [date_finish] => 2021-06-28T19:57:58+03:00
        )

)

------------------------

------------------------
2021.06.28 20:49:27
webform result
Array
(
    [result] => 89223
    [time] => Array
        (
            [start] => 1624902566.7343
            [finish] => 1624902567.5485
            [duration] => 0.81416392326355
            [processing] => 0.78201413154602
            [date_start] => 2021-06-28T20:49:26+03:00
            [date_finish] => 2021-06-28T20:49:27+03:00
        )

)

------------------------

------------------------
2021.06.29 12:01:41
webform result
Array
(
    [result] => 89281
    [time] => Array
        (
            [start] => 1624957300.3547
            [finish] => 1624957301.2552
            [duration] => 0.90048408508301
            [processing] => 0.86220693588257
            [date_start] => 2021-06-29T12:01:40+03:00
            [date_finish] => 2021-06-29T12:01:41+03:00
        )

)

------------------------

------------------------
2021.06.29 16:59:46
webform result
Array
(
    [result] => 89395
    [time] => Array
        (
            [start] => 1624975184.7568
            [finish] => 1624975185.9723
            [duration] => 1.2154829502106
            [processing] => 1.1756250858307
            [date_start] => 2021-06-29T16:59:44+03:00
            [date_finish] => 2021-06-29T16:59:45+03:00
        )

)

------------------------

------------------------
2021.06.30 9:19:39
webform result
Array
(
    [result] => 89461
    [time] => Array
        (
            [start] => 1625033977.3955
            [finish] => 1625033979.4265
            [duration] => 2.0309879779816
            [processing] => 1.9689910411835
            [date_start] => 2021-06-30T09:19:37+03:00
            [date_finish] => 2021-06-30T09:19:39+03:00
        )

)

------------------------

------------------------
2021.06.30 19:06:23
webform result
Array
(
    [result] => 89653
    [time] => Array
        (
            [start] => 1625069182.2883
            [finish] => 1625069183.4791
            [duration] => 1.1907811164856
            [processing] => 1.1500279903412
            [date_start] => 2021-06-30T19:06:22+03:00
            [date_finish] => 2021-06-30T19:06:23+03:00
        )

)

------------------------

------------------------
2021.07.01 8:53:37
webform result
Array
(
    [result] => 89665
    [time] => Array
        (
            [start] => 1625118815.5364
            [finish] => 1625118817.4061
            [duration] => 1.8697559833527
            [processing] => 1.8083391189575
            [date_start] => 2021-07-01T08:53:35+03:00
            [date_finish] => 2021-07-01T08:53:37+03:00
        )

)

------------------------

------------------------
2021.07.01 9:20:47
webform result
Array
(
    [result] => 89667
    [time] => Array
        (
            [start] => 1625120444.1143
            [finish] => 1625120447.217
            [duration] => 3.1026530265808
            [processing] => 3.0224649906158
            [date_start] => 2021-07-01T09:20:44+03:00
            [date_finish] => 2021-07-01T09:20:47+03:00
        )

)

------------------------

------------------------
2021.07.02 10:37:32
webform result
Array
(
    [result] => 89875
    [time] => Array
        (
            [start] => 1625211451.1173
            [finish] => 1625211452.4811
            [duration] => 1.3638150691986
            [processing] => 1.3246459960938
            [date_start] => 2021-07-02T10:37:31+03:00
            [date_finish] => 2021-07-02T10:37:32+03:00
        )

)

------------------------

------------------------
2021.07.02 10:47:53
webform result
Array
(
    [result] => 89883
    [time] => Array
        (
            [start] => 1625212072.2402
            [finish] => 1625212073.4817
            [duration] => 1.2415060997009
            [processing] => 1.1550679206848
            [date_start] => 2021-07-02T10:47:52+03:00
            [date_finish] => 2021-07-02T10:47:53+03:00
        )

)

------------------------

------------------------
2021.07.05 9:51:23
webform result
Array
(
    [result] => 90109
    [time] => Array
        (
            [start] => 1625467881.3598
            [finish] => 1625467883.4304
            [duration] => 2.070582151413
            [processing] => 2.0125768184662
            [date_start] => 2021-07-05T09:51:21+03:00
            [date_finish] => 2021-07-05T09:51:23+03:00
        )

)

------------------------

------------------------
2021.07.07 17:50:17
webform result
Array
(
    [result] => 90647
    [time] => Array
        (
            [start] => 1625669415.8154
            [finish] => 1625669417.2714
            [duration] => 1.4560389518738
            [processing] => 1.4060039520264
            [date_start] => 2021-07-07T17:50:15+03:00
            [date_finish] => 2021-07-07T17:50:17+03:00
        )

)

------------------------

------------------------
2021.07.08 9:14:07
webform result
Array
(
    [result] => 90659
    [time] => Array
        (
            [start] => 1625724846.3351
            [finish] => 1625724847.2368
            [duration] => 0.90167498588562
            [processing] => 0.87306714057922
            [date_start] => 2021-07-08T09:14:06+03:00
            [date_finish] => 2021-07-08T09:14:07+03:00
        )

)

------------------------

------------------------
2021.07.08 10:51:26
webform result
Array
(
    [result] => 90675
    [time] => Array
        (
            [start] => 1625730684.6024
            [finish] => 1625730686.8433
            [duration] => 2.2408890724182
            [processing] => 2.1644430160522
            [date_start] => 2021-07-08T10:51:24+03:00
            [date_finish] => 2021-07-08T10:51:26+03:00
        )

)

------------------------

------------------------
2021.07.09 8:37:01
webform result
Array
(
    [result] => 90787
    [time] => Array
        (
            [start] => 1625809020.4677
            [finish] => 1625809021.8147
            [duration] => 1.3470239639282
            [processing] => 1.2995550632477
            [date_start] => 2021-07-09T08:37:00+03:00
            [date_finish] => 2021-07-09T08:37:01+03:00
        )

)

------------------------

------------------------
2021.07.13 18:26:29
webform result
Array
(
    [result] => 91351
    [time] => Array
        (
            [start] => 1626189989.087
            [finish] => 1626189989.8328
            [duration] => 0.74585199356079
            [processing] => 0.7172839641571
            [date_start] => 2021-07-13T18:26:29+03:00
            [date_finish] => 2021-07-13T18:26:29+03:00
        )

)

------------------------

------------------------
2021.07.14 10:41:38
webform result
Array
(
    [result] => 91395
    [time] => Array
        (
            [start] => 1626248497.9583
            [finish] => 1626248498.7392
            [duration] => 0.78092408180237
            [processing] => 0.75077295303345
            [date_start] => 2021-07-14T10:41:37+03:00
            [date_finish] => 2021-07-14T10:41:38+03:00
        )

)

------------------------

------------------------
2021.07.15 23:07:15
webform result
Array
(
    [result] => 91685
    [time] => Array
        (
            [start] => 1626379633.6103
            [finish] => 1626379635.1002
            [duration] => 1.4898409843445
            [processing] => 1.4441730976105
            [date_start] => 2021-07-15T23:07:13+03:00
            [date_finish] => 2021-07-15T23:07:15+03:00
        )

)

------------------------

------------------------
2021.07.16 14:30:52
webform result
Array
(
    [result] => 91749
    [time] => Array
        (
            [start] => 1626435050.4456
            [finish] => 1626435052.1708
            [duration] => 1.7252490520477
            [processing] => 1.6751918792725
            [date_start] => 2021-07-16T14:30:50+03:00
            [date_finish] => 2021-07-16T14:30:52+03:00
        )

)

------------------------

------------------------
2021.07.20 18:09:16
webform result
Array
(
    [result] => 92125
    [time] => Array
        (
            [start] => 1626793755.9112
            [finish] => 1626793756.6581
            [duration] => 0.74698710441589
            [processing] => 0.71831297874451
            [date_start] => 2021-07-20T18:09:15+03:00
            [date_finish] => 2021-07-20T18:09:16+03:00
        )

)

------------------------

------------------------
2021.07.20 22:15:29
webform result
Array
(
    [result] => 92141
    [time] => Array
        (
            [start] => 1626808528.3653
            [finish] => 1626808529.0793
            [duration] => 0.71406197547913
            [processing] => 0.68797278404236
            [date_start] => 2021-07-20T22:15:28+03:00
            [date_finish] => 2021-07-20T22:15:29+03:00
        )

)

------------------------

------------------------
2021.07.21 18:39:08
webform result
Array
(
    [result] => 92253
    [time] => Array
        (
            [start] => 1626881947.2614
            [finish] => 1626881948.4324
            [duration] => 1.1709320545197
            [processing] => 1.1398220062256
            [date_start] => 2021-07-21T18:39:07+03:00
            [date_finish] => 2021-07-21T18:39:08+03:00
        )

)

------------------------

------------------------
2021.07.22 13:21:08
webform result
Array
(
    [result] => 92347
    [time] => Array
        (
            [start] => 1626949267.3454
            [finish] => 1626949268.1094
            [duration] => 0.76394486427307
            [processing] => 0.72402000427246
            [date_start] => 2021-07-22T13:21:07+03:00
            [date_finish] => 2021-07-22T13:21:08+03:00
        )

)

------------------------

------------------------
2021.07.23 12:32:26
webform result
Array
(
    [result] => 92451
    [time] => Array
        (
            [start] => 1627032744.6199
            [finish] => 1627032746.0853
            [duration] => 1.465380191803
            [processing] => 1.4241387844086
            [date_start] => 2021-07-23T12:32:24+03:00
            [date_finish] => 2021-07-23T12:32:26+03:00
        )

)

------------------------

------------------------
2021.07.28 23:14:18
webform result
Array
(
    [result] => 93085
    [time] => Array
        (
            [start] => 1627503257.136
            [finish] => 1627503258.9095
            [duration] => 1.7734940052032
            [processing] => 1.732479095459
            [date_start] => 2021-07-28T23:14:17+03:00
            [date_finish] => 2021-07-28T23:14:18+03:00
        )

)

------------------------

------------------------
2021.07.29 12:54:27
webform result
Array
(
    [result] => 93163
    [time] => Array
        (
            [start] => 1627552467.0219
            [finish] => 1627552467.7713
            [duration] => 0.74942994117737
            [processing] => 0.72076606750488
            [date_start] => 2021-07-29T12:54:27+03:00
            [date_finish] => 2021-07-29T12:54:27+03:00
        )

)

------------------------

------------------------
2021.07.29 16:17:02
webform result
Array
(
    [result] => 93229
    [time] => Array
        (
            [start] => 1627564619.4893
            [finish] => 1627564621.9424
            [duration] => 2.4531490802765
            [processing] => 2.4075980186462
            [date_start] => 2021-07-29T16:16:59+03:00
            [date_finish] => 2021-07-29T16:17:01+03:00
        )

)

------------------------

------------------------
2021.07.29 20:13:09
webform result
Array
(
    [result] => 93255
    [time] => Array
        (
            [start] => 1627578788.5471
            [finish] => 1627578789.9172
            [duration] => 1.3701469898224
            [processing] => 1.3360121250153
            [date_start] => 2021-07-29T20:13:08+03:00
            [date_finish] => 2021-07-29T20:13:09+03:00
        )

)

------------------------

------------------------
2021.07.30 10:06:28
webform result
Array
(
    [result] => 93269
    [time] => Array
        (
            [start] => 1627628787.2728
            [finish] => 1627628788.4985
            [duration] => 1.2256698608398
            [processing] => 1.191018819809
            [date_start] => 2021-07-30T10:06:27+03:00
            [date_finish] => 2021-07-30T10:06:28+03:00
        )

)

------------------------

------------------------
2021.07.30 11:58:34
webform result
Array
(
    [result] => 93311
    [time] => Array
        (
            [start] => 1627635513.3459
            [finish] => 1627635514.4313
            [duration] => 1.0854070186615
            [processing] => 1.0534529685974
            [date_start] => 2021-07-30T11:58:33+03:00
            [date_finish] => 2021-07-30T11:58:34+03:00
        )

)

------------------------

------------------------
2021.07.30 18:59:08
webform result
Array
(
    [result] => 93389
    [time] => Array
        (
            [start] => 1627660747.5381
            [finish] => 1627660748.945
            [duration] => 1.4069120883942
            [processing] => 1.3664290904999
            [date_start] => 2021-07-30T18:59:07+03:00
            [date_finish] => 2021-07-30T18:59:08+03:00
        )

)

------------------------

------------------------
2021.07.31 11:11:19
webform result
Array
(
    [result] => 93411
    [time] => Array
        (
            [start] => 1627719078.4952
            [finish] => 1627719079.7868
            [duration] => 1.2916080951691
            [processing] => 1.2390279769897
            [date_start] => 2021-07-31T11:11:18+03:00
            [date_finish] => 2021-07-31T11:11:19+03:00
        )

)

------------------------

------------------------
2021.07.31 19:46:15
webform result
Array
(
    [result] => 93433
    [time] => Array
        (
            [start] => 1627749974.6947
            [finish] => 1627749975.5667
            [duration] => 0.87198996543884
            [processing] => 0.84594297409058
            [date_start] => 2021-07-31T19:46:14+03:00
            [date_finish] => 2021-07-31T19:46:15+03:00
        )

)

------------------------

------------------------
2021.08.03 20:54:57
webform result
Array
(
    [result] => 93725
    [time] => Array
        (
            [start] => 1628013295.1377
            [finish] => 1628013296.9486
            [duration] => 1.810898065567
            [processing] => 1.7790729999542
            [date_start] => 2021-08-03T20:54:55+03:00
            [date_finish] => 2021-08-03T20:54:56+03:00
        )

)

------------------------

------------------------
2021.08.05 8:46:10
webform result
Array
(
    [result] => 93865
    [time] => Array
        (
            [start] => 1628142369.0817
            [finish] => 1628142370.4556
            [duration] => 1.3739249706268
            [processing] => 1.3451390266418
            [date_start] => 2021-08-05T08:46:09+03:00
            [date_finish] => 2021-08-05T08:46:10+03:00
        )

)

------------------------

------------------------
2021.08.09 11:06:20
webform result
Array
(
    [result] => 94185
    [time] => Array
        (
            [start] => 1628496378.0391
            [finish] => 1628496380.0685
            [duration] => 2.0293710231781
            [processing] => 1.9565758705139
            [date_start] => 2021-08-09T11:06:18+03:00
            [date_finish] => 2021-08-09T11:06:20+03:00
        )

)

------------------------

------------------------
2021.08.09 16:39:03
webform result
Array
(
    [result] => 94265
    [time] => Array
        (
            [start] => 1628516342.0188
            [finish] => 1628516343.1579
            [duration] => 1.1391282081604
            [processing] => 1.1005721092224
            [date_start] => 2021-08-09T16:39:02+03:00
            [date_finish] => 2021-08-09T16:39:03+03:00
        )

)

------------------------

------------------------
2021.08.09 21:26:10
webform result
Array
(
    [result] => 94293
    [time] => Array
        (
            [start] => 1628533568.3838
            [finish] => 1628533570.4779
            [duration] => 2.0941820144653
            [processing] => 2.0561850070953
            [date_start] => 2021-08-09T21:26:08+03:00
            [date_finish] => 2021-08-09T21:26:10+03:00
        )

)

------------------------

------------------------
2021.08.10 8:39:27
webform result
Array
(
    [result] => 94299
    [time] => Array
        (
            [start] => 1628573966.1066
            [finish] => 1628573967.5425
            [duration] => 1.4358670711517
            [processing] => 1.3932800292969
            [date_start] => 2021-08-10T08:39:26+03:00
            [date_finish] => 2021-08-10T08:39:27+03:00
        )

)

------------------------

------------------------
2021.08.11 13:55:48
webform result
Array
(
    [result] => 94471
    [time] => Array
        (
            [start] => 1628679347.3978
            [finish] => 1628679348.4997
            [duration] => 1.1019539833069
            [processing] => 1.071231842041
            [date_start] => 2021-08-11T13:55:47+03:00
            [date_finish] => 2021-08-11T13:55:48+03:00
        )

)

------------------------

------------------------
2021.08.13 11:25:01
webform result
Array
(
    [result] => 94673
    [time] => Array
        (
            [start] => 1628843099.8877
            [finish] => 1628843101.4113
            [duration] => 1.5235641002655
            [processing] => 1.4852709770203
            [date_start] => 2021-08-13T11:24:59+03:00
            [date_finish] => 2021-08-13T11:25:01+03:00
        )

)

------------------------

------------------------
2021.08.14 13:28:36
webform result
Array
(
    [result] => 94789
    [time] => Array
        (
            [start] => 1628936915.4575
            [finish] => 1628936916.5353
            [duration] => 1.0777728557587
            [processing] => 1.0519528388977
            [date_start] => 2021-08-14T13:28:35+03:00
            [date_finish] => 2021-08-14T13:28:36+03:00
        )

)

------------------------

------------------------
2021.08.16 8:18:02
webform result
Array
(
    [result] => 94815
    [time] => Array
        (
            [start] => 1629091079.998
            [finish] => 1629091082.4116
            [duration] => 2.4135971069336
            [processing] => 2.3416330814362
            [date_start] => 2021-08-16T08:17:59+03:00
            [date_finish] => 2021-08-16T08:18:02+03:00
        )

)

------------------------

------------------------
2021.08.16 21:19:07
webform result
Array
(
    [result] => 94939
    [time] => Array
        (
            [start] => 1629137944.4479
            [finish] => 1629137947.0506
            [duration] => 2.6026701927185
            [processing] => 2.5671489238739
            [date_start] => 2021-08-16T21:19:04+03:00
            [date_finish] => 2021-08-16T21:19:07+03:00
        )

)

------------------------

------------------------
2021.08.17 13:25:01
webform result
Array
(
    [result] => 95003
    [time] => Array
        (
            [start] => 1629195899.6847
            [finish] => 1629195901.5921
            [duration] => 1.9074449539185
            [processing] => 1.8414430618286
            [date_start] => 2021-08-17T13:24:59+03:00
            [date_finish] => 2021-08-17T13:25:01+03:00
        )

)

------------------------

------------------------
2021.08.20 22:39:42
webform result
Array
(
    [result] => 95387
    [time] => Array
        (
            [start] => 1629488380.6273
            [finish] => 1629488382.1445
            [duration] => 1.5171990394592
            [processing] => 1.4812040328979
            [date_start] => 2021-08-20T22:39:40+03:00
            [date_finish] => 2021-08-20T22:39:42+03:00
        )

)

------------------------

------------------------
2021.08.21 20:21:17
webform result
Array
(
    [result] => 95427
    [time] => Array
        (
            [start] => 1629566475.1696
            [finish] => 1629566476.6147
            [duration] => 1.4450359344482
            [processing] => 1.4036619663239
            [date_start] => 2021-08-21T20:21:15+03:00
            [date_finish] => 2021-08-21T20:21:16+03:00
        )

)

------------------------

------------------------
2021.08.22 21:15:56
webform result
Array
(
    [result] => 95461
    [time] => Array
        (
            [start] => 1629656155.062
            [finish] => 1629656156.8831
            [duration] => 1.8210940361023
            [processing] => 1.7913489341736
            [date_start] => 2021-08-22T21:15:55+03:00
            [date_finish] => 2021-08-22T21:15:56+03:00
        )

)

------------------------

------------------------
2021.08.23 17:35:59
webform result
Array
(
    [result] => 95589
    [time] => Array
        (
            [start] => 1629729358.8502
            [finish] => 1629729359.7773
            [duration] => 0.92711806297302
            [processing] => 0.89372396469116
            [date_start] => 2021-08-23T17:35:58+03:00
            [date_finish] => 2021-08-23T17:35:59+03:00
        )

)

------------------------

------------------------
2021.08.23 22:22:14
webform result
Array
(
    [result] => 95599
    [time] => Array
        (
            [start] => 1629746532.4491
            [finish] => 1629746534.0452
            [duration] => 1.5961501598358
            [processing] => 1.5495052337646
            [date_start] => 2021-08-23T22:22:12+03:00
            [date_finish] => 2021-08-23T22:22:14+03:00
        )

)

------------------------

------------------------
2021.08.25 11:23:49
webform result
Array
(
    [result] => 95781
    [time] => Array
        (
            [start] => 1629879828.6354
            [finish] => 1629879829.9208
            [duration] => 1.2853698730469
            [processing] => 1.2421319484711
            [date_start] => 2021-08-25T11:23:48+03:00
            [date_finish] => 2021-08-25T11:23:49+03:00
        )

)

------------------------

------------------------
2021.08.25 17:27:33
webform result
Array
(
    [result] => 95849
    [time] => Array
        (
            [start] => 1629901651.6461
            [finish] => 1629901653.2933
            [duration] => 1.6471650600433
            [processing] => 1.6103620529175
            [date_start] => 2021-08-25T17:27:31+03:00
            [date_finish] => 2021-08-25T17:27:33+03:00
        )

)

------------------------

------------------------
2021.08.26 9:57:42
webform result
Array
(
    [result] => 95869
    [time] => Array
        (
            [start] => 1629961061.6636
            [finish] => 1629961062.4507
            [duration] => 0.78713202476501
            [processing] => 0.75798201560974
            [date_start] => 2021-08-26T09:57:41+03:00
            [date_finish] => 2021-08-26T09:57:42+03:00
        )

)

------------------------

------------------------
2021.08.26 10:32:32
webform result
Array
(
    [result] => 95881
    [time] => Array
        (
            [start] => 1629963150.8924
            [finish] => 1629963152.0638
            [duration] => 1.1714160442352
            [processing] => 1.1483500003815
            [date_start] => 2021-08-26T10:32:30+03:00
            [date_finish] => 2021-08-26T10:32:32+03:00
        )

)

------------------------

------------------------
2021.08.26 12:55:32
webform result
Array
(
    [result] => 95911
    [time] => Array
        (
            [start] => 1629971730.5765
            [finish] => 1629971732.0098
            [duration] => 1.4332921504974
            [processing] => 1.3923771381378
            [date_start] => 2021-08-26T12:55:30+03:00
            [date_finish] => 2021-08-26T12:55:32+03:00
        )

)

------------------------

------------------------
2021.08.27 22:17:12
webform result
Array
(
    [result] => 96099
    [time] => Array
        (
            [start] => 1630091830.7923
            [finish] => 1630091832.4112
            [duration] => 1.6189439296722
            [processing] => 1.5777080059052
            [date_start] => 2021-08-27T22:17:10+03:00
            [date_finish] => 2021-08-27T22:17:12+03:00
        )

)

------------------------

------------------------
2021.08.29 21:35:11
webform result
Array
(
    [result] => 96191
    [time] => Array
        (
            [start] => 1630262108.5029
            [finish] => 1630262110.5652
            [duration] => 2.0622389316559
            [processing] => 2.0309340953827
            [date_start] => 2021-08-29T21:35:08+03:00
            [date_finish] => 2021-08-29T21:35:10+03:00
        )

)

------------------------

------------------------
2021.08.29 21:37:14
webform result
Array
(
    [result] => 96193
    [time] => Array
        (
            [start] => 1630262233.6324
            [finish] => 1630262234.4491
            [duration] => 0.81673908233643
            [processing] => 0.79046392440796
            [date_start] => 2021-08-29T21:37:13+03:00
            [date_finish] => 2021-08-29T21:37:14+03:00
        )

)

------------------------

------------------------
2021.08.30 17:49:41
webform result
Array
(
    [result] => 96311
    [time] => Array
        (
            [start] => 1630334981.0526
            [finish] => 1630334981.76
            [duration] => 0.70741105079651
            [processing] => 0.68435597419739
            [date_start] => 2021-08-30T17:49:41+03:00
            [date_finish] => 2021-08-30T17:49:41+03:00
        )

)

------------------------

------------------------
2021.08.31 9:03:56
webform result
Array
(
    [result] => 96321
    [time] => Array
        (
            [start] => 1630389835.4896
            [finish] => 1630389836.3347
            [duration] => 0.84504699707031
            [processing] => 0.81596183776855
            [date_start] => 2021-08-31T09:03:55+03:00
            [date_finish] => 2021-08-31T09:03:56+03:00
        )

)

------------------------

------------------------
2021.08.31 9:09:36
webform result
Array
(
    [result] => 96323
    [time] => Array
        (
            [start] => 1630390175.1362
            [finish] => 1630390176.0006
            [duration] => 0.86439299583435
            [processing] => 0.84055495262146
            [date_start] => 2021-08-31T09:09:35+03:00
            [date_finish] => 2021-08-31T09:09:36+03:00
        )

)

------------------------

------------------------
2021.08.31 12:09:04
webform result
Array
(
    [result] => 96345
    [time] => Array
        (
            [start] => 1630400942.9438
            [finish] => 1630400944.0651
            [duration] => 1.1212949752808
            [processing] => 1.0922842025757
            [date_start] => 2021-08-31T12:09:02+03:00
            [date_finish] => 2021-08-31T12:09:04+03:00
        )

)

------------------------

------------------------
2021.08.31 12:09:30
webform result
Array
(
    [result] => 96347
    [time] => Array
        (
            [start] => 1630400969.8894
            [finish] => 1630400970.6493
            [duration] => 0.75987005233765
            [processing] => 0.73399877548218
            [date_start] => 2021-08-31T12:09:29+03:00
            [date_finish] => 2021-08-31T12:09:30+03:00
        )

)

------------------------

------------------------
2021.08.31 14:30:38
webform result
Array
(
    [result] => 96387
    [time] => Array
        (
            [start] => 1630409437.019
            [finish] => 1630409437.9955
            [duration] => 0.97649097442627
            [processing] => 0.95409989356995
            [date_start] => 2021-08-31T14:30:37+03:00
            [date_finish] => 2021-08-31T14:30:37+03:00
        )

)

------------------------

------------------------
2021.08.31 16:15:48
webform result
Array
(
    [result] => 96407
    [time] => Array
        (
            [start] => 1630415747.3527
            [finish] => 1630415748.1487
            [duration] => 0.79600501060486
            [processing] => 0.77145886421204
            [date_start] => 2021-08-31T16:15:47+03:00
            [date_finish] => 2021-08-31T16:15:48+03:00
        )

)

------------------------

------------------------
2021.09.02 8:27:03
webform result
Array
(
    [result] => 96527
    [time] => Array
        (
            [start] => 1630560420.2453
            [finish] => 1630560423.3398
            [duration] => 3.0945489406586
            [processing] => 3.0467371940613
            [date_start] => 2021-09-02T08:27:00+03:00
            [date_finish] => 2021-09-02T08:27:03+03:00
        )

)

------------------------

------------------------
2021.09.02 16:46:02
webform result
Array
(
    [result] => 96633
    [time] => Array
        (
            [start] => 1630590361.2721
            [finish] => 1630590362.5218
            [duration] => 1.2496240139008
            [processing] => 1.2136468887329
            [date_start] => 2021-09-02T16:46:01+03:00
            [date_finish] => 2021-09-02T16:46:02+03:00
        )

)

------------------------

------------------------
2021.09.02 17:30:24
webform result
Array
(
    [result] => 96641
    [time] => Array
        (
            [start] => 1630593023.5585
            [finish] => 1630593024.7475
            [duration] => 1.1890909671783
            [processing] => 1.1342868804932
            [date_start] => 2021-09-02T17:30:23+03:00
            [date_finish] => 2021-09-02T17:30:24+03:00
        )

)

------------------------

------------------------
2021.09.03 10:49:15
webform result
Array
(
    [result] => 96675
    [time] => Array
        (
            [start] => 1630655354.7433
            [finish] => 1630655355.6038
            [duration] => 0.86059284210205
            [processing] => 0.83586406707764
            [date_start] => 2021-09-03T10:49:14+03:00
            [date_finish] => 2021-09-03T10:49:15+03:00
        )

)

------------------------

------------------------
2021.09.06 10:55:16
webform result
Array
(
    [result] => 96875
    [time] => Array
        (
            [start] => 1630914915.2198
            [finish] => 1630914916.0739
            [duration] => 0.85409998893738
            [processing] => 0.81611800193787
            [date_start] => 2021-09-06T10:55:15+03:00
            [date_finish] => 2021-09-06T10:55:16+03:00
        )

)

------------------------

------------------------
2021.09.06 11:59:10
webform result
Array
(
    [result] => 96893
    [time] => Array
        (
            [start] => 1630918748.5041
            [finish] => 1630918750.347
            [duration] => 1.8428549766541
            [processing] => 1.7249281406403
            [date_start] => 2021-09-06T11:59:08+03:00
            [date_finish] => 2021-09-06T11:59:10+03:00
        )

)

------------------------

------------------------
2021.09.06 12:14:59
webform result
Array
(
    [result] => 96901
    [time] => Array
        (
            [start] => 1630919698.5481
            [finish] => 1630919699.5369
            [duration] => 0.98875498771667
            [processing] => 0.95397710800171
            [date_start] => 2021-09-06T12:14:58+03:00
            [date_finish] => 2021-09-06T12:14:59+03:00
        )

)

------------------------

------------------------
2021.09.07 11:20:43
webform result
Array
(
    [result] => 97007
    [time] => Array
        (
            [start] => 1631002842.1865
            [finish] => 1631002843.6441
            [duration] => 1.4576251506805
            [processing] => 1.4138071537018
            [date_start] => 2021-09-07T11:20:42+03:00
            [date_finish] => 2021-09-07T11:20:43+03:00
        )

)

------------------------

------------------------
2021.09.09 19:50:53
webform result
Array
(
    [result] => 97341
    [time] => Array
        (
            [start] => 1631206252.4294
            [finish] => 1631206253.0882
            [duration] => 0.65885806083679
            [processing] => 0.63591313362122
            [date_start] => 2021-09-09T19:50:52+03:00
            [date_finish] => 2021-09-09T19:50:53+03:00
        )

)

------------------------

------------------------
2021.09.10 12:46:37
webform result
Array
(
    [result] => 97389
    [time] => Array
        (
            [start] => 1631267196.0757
            [finish] => 1631267197.1827
            [duration] => 1.1070249080658
            [processing] => 1.0784318447113
            [date_start] => 2021-09-10T12:46:36+03:00
            [date_finish] => 2021-09-10T12:46:37+03:00
        )

)

------------------------

------------------------
2021.09.11 13:56:18
webform result
Array
(
    [result] => 97465
    [time] => Array
        (
            [start] => 1631357778.0033
            [finish] => 1631357778.6842
            [duration] => 0.68092608451843
            [processing] => 0.656574010849
            [date_start] => 2021-09-11T13:56:18+03:00
            [date_finish] => 2021-09-11T13:56:18+03:00
        )

)

------------------------

------------------------
2021.09.13 10:33:05
webform result
Array
(
    [result] => 97525
    [time] => Array
        (
            [start] => 1631518383.4291
            [finish] => 1631518385.1032
            [duration] => 1.6740798950195
            [processing] => 1.612065076828
            [date_start] => 2021-09-13T10:33:03+03:00
            [date_finish] => 2021-09-13T10:33:05+03:00
        )

)

------------------------

------------------------
2021.09.13 11:58:54
webform result
Array
(
    [result] => 97541
    [time] => Array
        (
            [start] => 1631523533.5002
            [finish] => 1631523534.5983
            [duration] => 1.0981340408325
            [processing] => 1.0625550746918
            [date_start] => 2021-09-13T11:58:53+03:00
            [date_finish] => 2021-09-13T11:58:54+03:00
        )

)

------------------------

------------------------
2021.09.14 12:31:49
webform result
Array
(
    [result] => 97681
    [time] => Array
        (
            [start] => 1631611907.9792
            [finish] => 1631611909.0484
            [duration] => 1.0691969394684
            [processing] => 1.0356979370117
            [date_start] => 2021-09-14T12:31:47+03:00
            [date_finish] => 2021-09-14T12:31:49+03:00
        )

)

------------------------

------------------------
2021.09.15 10:05:21
webform result
Array
(
    [result] => 97757
    [time] => Array
        (
            [start] => 1631689519.422
            [finish] => 1631689521.4023
            [duration] => 1.9803450107574
            [processing] => 1.9194068908691
            [date_start] => 2021-09-15T10:05:19+03:00
            [date_finish] => 2021-09-15T10:05:21+03:00
        )

)

------------------------

------------------------
2021.09.15 12:48:30
webform result
Array
(
    [result] => 97809
    [time] => Array
        (
            [start] => 1631699309.6571
            [finish] => 1631699310.5564
            [duration] => 0.89935898780823
            [processing] => 0.86206293106079
            [date_start] => 2021-09-15T12:48:29+03:00
            [date_finish] => 2021-09-15T12:48:30+03:00
        )

)

------------------------

------------------------
2021.09.16 12:15:59
webform result
Array
(
    [result] => 97907
    [time] => Array
        (
            [start] => 1631783758.5985
            [finish] => 1631783759.3792
            [duration] => 0.78071808815002
            [processing] => 0.75077390670776
            [date_start] => 2021-09-16T12:15:58+03:00
            [date_finish] => 2021-09-16T12:15:59+03:00
        )

)

------------------------

------------------------
2021.09.16 13:57:29
webform result
Array
(
    [result] => 97927
    [time] => Array
        (
            [start] => 1631789848.0345
            [finish] => 1631789849.1365
            [duration] => 1.1020271778107
            [processing] => 1.0689260959625
            [date_start] => 2021-09-16T13:57:28+03:00
            [date_finish] => 2021-09-16T13:57:29+03:00
        )

)

------------------------

------------------------
2021.09.18 20:28:57
webform result
Array
(
    [result] => 98135
    [time] => Array
        (
            [start] => 1631986135.126
            [finish] => 1631986137.0117
            [duration] => 1.8856959342957
            [processing] => 1.847393989563
            [date_start] => 2021-09-18T20:28:55+03:00
            [date_finish] => 2021-09-18T20:28:57+03:00
        )

)

------------------------

------------------------
2021.09.20 11:18:11
webform result
Array
(
    [result] => 98209
    [time] => Array
        (
            [start] => 1632125888.6962
            [finish] => 1632125890.4144
            [duration] => 1.7181768417358
            [processing] => 1.6854748725891
            [date_start] => 2021-09-20T11:18:08+03:00
            [date_finish] => 2021-09-20T11:18:10+03:00
        )

)

------------------------

------------------------
2021.09.22 14:37:22
webform result
Array
(
    [result] => 98463
    [time] => Array
        (
            [start] => 1632310641.2328
            [finish] => 1632310642.2358
            [duration] => 1.0029771327972
            [processing] => 0.97001194953918
            [date_start] => 2021-09-22T14:37:21+03:00
            [date_finish] => 2021-09-22T14:37:22+03:00
        )

)

------------------------

------------------------
2021.09.22 17:08:51
webform result
Array
(
    [result] => 98485
    [time] => Array
        (
            [start] => 1632319730.8356
            [finish] => 1632319731.7911
            [duration] => 0.95543003082275
            [processing] => 0.91902494430542
            [date_start] => 2021-09-22T17:08:50+03:00
            [date_finish] => 2021-09-22T17:08:51+03:00
        )

)

------------------------

------------------------
2021.09.25 9:09:31
webform result
Array
(
    [result] => 98677
    [time] => Array
        (
            [start] => 1632550168.8248
            [finish] => 1632550171.5193
            [duration] => 2.6945021152496
            [processing] => 2.6418750286102
            [date_start] => 2021-09-25T09:09:28+03:00
            [date_finish] => 2021-09-25T09:09:31+03:00
        )

)

------------------------

------------------------
2021.09.27 12:15:59
webform result
Array
(
    [result] => 98781
    [time] => Array
        (
            [start] => 1632734158.6151
            [finish] => 1632734159.6677
            [duration] => 1.052610874176
            [processing] => 1.0086119174957
            [date_start] => 2021-09-27T12:15:58+03:00
            [date_finish] => 2021-09-27T12:15:59+03:00
        )

)

------------------------

------------------------
2021.09.28 12:15:58
webform result
Array
(
    [result] => 98911
    [time] => Array
        (
            [start] => 1632820557.0493
            [finish] => 1632820558.5001
            [duration] => 1.4508099555969
            [processing] => 1.4008519649506
            [date_start] => 2021-09-28T12:15:57+03:00
            [date_finish] => 2021-09-28T12:15:58+03:00
        )

)

------------------------

------------------------
2021.09.28 18:55:51
webform result
Array
(
    [result] => 98985
    [time] => Array
        (
            [start] => 1632844550.9192
            [finish] => 1632844551.5716
            [duration] => 0.65237283706665
            [processing] => 0.62587189674377
            [date_start] => 2021-09-28T18:55:50+03:00
            [date_finish] => 2021-09-28T18:55:51+03:00
        )

)

------------------------

------------------------
2021.09.29 10:28:22
webform result
Array
(
    [result] => 99005
    [time] => Array
        (
            [start] => 1632900501.377
            [finish] => 1632900502.2259
            [duration] => 0.84893679618835
            [processing] => 0.82311797142029
            [date_start] => 2021-09-29T10:28:21+03:00
            [date_finish] => 2021-09-29T10:28:22+03:00
        )

)

------------------------

------------------------
2021.09.29 15:13:17
webform result
Array
(
    [result] => 99071
    [time] => Array
        (
            [start] => 1632917596.5695
            [finish] => 1632917597.4057
            [duration] => 0.83618998527527
            [processing] => 0.80558300018311
            [date_start] => 2021-09-29T15:13:16+03:00
            [date_finish] => 2021-09-29T15:13:17+03:00
        )

)

------------------------

------------------------
2021.09.30 12:27:10
webform result
Array
(
    [result] => 99129
    [time] => Array
        (
            [start] => 1632994029.5467
            [finish] => 1632994030.7065
            [duration] => 1.1597471237183
            [processing] => 1.1286950111389
            [date_start] => 2021-09-30T12:27:09+03:00
            [date_finish] => 2021-09-30T12:27:10+03:00
        )

)

------------------------

------------------------
2021.10.01 17:36:48
webform result
Array
(
    [result] => 99255
    [time] => Array
        (
            [start] => 1633099007.3072
            [finish] => 1633099008.543
            [duration] => 1.2358038425446
            [processing] => 1.2039291858673
            [date_start] => 2021-10-01T17:36:47+03:00
            [date_finish] => 2021-10-01T17:36:48+03:00
        )

)

------------------------

------------------------
2021.10.02 0:28:17
webform result
Array
(
    [result] => 99263
    [time] => Array
        (
            [start] => 1633123694.5156
            [finish] => 1633123697.0017
            [duration] => 2.4860820770264
            [processing] => 2.458909034729
            [date_start] => 2021-10-02T00:28:14+03:00
            [date_finish] => 2021-10-02T00:28:17+03:00
        )

)

------------------------

------------------------
2021.10.04 8:51:21
webform result
Array
(
    [result] => 99351
    [time] => Array
        (
            [start] => 1633326681.0025
            [finish] => 1633326681.945
            [duration] => 0.94251489639282
            [processing] => 0.90354919433594
            [date_start] => 2021-10-04T08:51:21+03:00
            [date_finish] => 2021-10-04T08:51:21+03:00
        )

)

------------------------

------------------------
2021.10.05 10:58:12
webform result
Array
(
    [result] => 99477
    [time] => Array
        (
            [start] => 1633420691.0872
            [finish] => 1633420692.3337
            [duration] => 1.2464289665222
            [processing] => 1.2140979766846
            [date_start] => 2021-10-05T10:58:11+03:00
            [date_finish] => 2021-10-05T10:58:12+03:00
        )

)

------------------------

------------------------
2021.10.05 17:30:56
webform result
Array
(
    [result] => 99541
    [time] => Array
        (
            [start] => 1633444255.927
            [finish] => 1633444256.6192
            [duration] => 0.69217896461487
            [processing] => 0.66746520996094
            [date_start] => 2021-10-05T17:30:55+03:00
            [date_finish] => 2021-10-05T17:30:56+03:00
        )

)

------------------------

------------------------
2021.10.05 21:34:41
webform result
Array
(
    [result] => 99553
    [time] => Array
        (
            [start] => 1633458880.609
            [finish] => 1633458881.8431
            [duration] => 1.2340857982635
            [processing] => 1.2079241275787
            [date_start] => 2021-10-05T21:34:40+03:00
            [date_finish] => 2021-10-05T21:34:41+03:00
        )

)

------------------------

------------------------
2021.10.06 9:35:31
webform result
Array
(
    [result] => 99559
    [time] => Array
        (
            [start] => 1633502130.7345
            [finish] => 1633502131.8616
            [duration] => 1.1270480155945
            [processing] => 1.0897920131683
            [date_start] => 2021-10-06T09:35:30+03:00
            [date_finish] => 2021-10-06T09:35:31+03:00
        )

)

------------------------

------------------------
2021.10.08 10:16:19
webform result
Array
(
    [result] => 99783
    [time] => Array
        (
            [start] => 1633677378.2708
            [finish] => 1633677379.3864
            [duration] => 1.1156408786774
            [processing] => 1.0749280452728
            [date_start] => 2021-10-08T10:16:18+03:00
            [date_finish] => 2021-10-08T10:16:19+03:00
        )

)

------------------------

------------------------
2021.10.08 14:50:36
webform result
Array
(
    [result] => 99867
    [time] => Array
        (
            [start] => 1633693835.9549
            [finish] => 1633693836.9317
            [duration] => 0.976802110672
            [processing] => 0.9466028213501
            [date_start] => 2021-10-08T14:50:35+03:00
            [date_finish] => 2021-10-08T14:50:36+03:00
        )

)

------------------------

------------------------
2021.10.11 13:18:14
webform result
Array
(
    [result] => 100025
    [time] => Array
        (
            [start] => 1633947492.9536
            [finish] => 1633947494.4355
            [duration] => 1.4818458557129
            [processing] => 1.4206750392914
            [date_start] => 2021-10-11T13:18:12+03:00
            [date_finish] => 2021-10-11T13:18:14+03:00
        )

)

------------------------

------------------------
2021.10.11 13:22:10
webform result
Array
(
    [result] => 100031
    [time] => Array
        (
            [start] => 1633947729.1329
            [finish] => 1633947730.3504
            [duration] => 1.2174549102783
            [processing] => 1.1759901046753
            [date_start] => 2021-10-11T13:22:09+03:00
            [date_finish] => 2021-10-11T13:22:10+03:00
        )

)

------------------------

------------------------
2021.10.11 19:04:54
webform result
Array
(
    [result] => 100087
    [time] => Array
        (
            [start] => 1633968293.0107
            [finish] => 1633968294.6831
            [duration] => 1.6723699569702
            [processing] => 1.6138510704041
            [date_start] => 2021-10-11T19:04:53+03:00
            [date_finish] => 2021-10-11T19:04:54+03:00
        )

)

------------------------

------------------------
2021.10.11 19:05:12
webform result
Array
(
    [result] => 100089
    [time] => Array
        (
            [start] => 1633968310.9266
            [finish] => 1633968312.0208
            [duration] => 1.0942239761353
            [processing] => 1.0414080619812
            [date_start] => 2021-10-11T19:05:10+03:00
            [date_finish] => 2021-10-11T19:05:12+03:00
        )

)

------------------------

------------------------
2021.10.12 9:14:33
webform result
Array
(
    [result] => 100095
    [time] => Array
        (
            [start] => 1634019271.3099
            [finish] => 1634019272.9974
            [duration] => 1.6875281333923
            [processing] => 1.6390981674194
            [date_start] => 2021-10-12T09:14:31+03:00
            [date_finish] => 2021-10-12T09:14:32+03:00
        )

)

------------------------

------------------------
2021.10.15 15:05:52
webform result
Array
(
    [result] => 100453
    [time] => Array
        (
            [start] => 1634299550.9816
            [finish] => 1634299552.2075
            [duration] => 1.2259249687195
            [processing] => 1.1836431026459
            [date_start] => 2021-10-15T15:05:50+03:00
            [date_finish] => 2021-10-15T15:05:52+03:00
        )

)

------------------------

------------------------
2021.10.15 15:50:53
webform result
Array
(
    [result] => 100459
    [time] => Array
        (
            [start] => 1634302252.7345
            [finish] => 1634302253.9293
            [duration] => 1.1947929859161
            [processing] => 1.1567461490631
            [date_start] => 2021-10-15T15:50:52+03:00
            [date_finish] => 2021-10-15T15:50:53+03:00
        )

)

------------------------

------------------------
2021.10.15 21:39:20
webform result
Array
(
    [result] => 100487
    [time] => Array
        (
            [start] => 1634323158.878
            [finish] => 1634323160.1494
            [duration] => 1.271381855011
            [processing] => 1.2397418022156
            [date_start] => 2021-10-15T21:39:18+03:00
            [date_finish] => 2021-10-15T21:39:20+03:00
        )

)

------------------------

------------------------
2021.10.15 21:40:01
webform result
Array
(
    [result] => 100489
    [time] => Array
        (
            [start] => 1634323199.9119
            [finish] => 1634323200.8591
            [duration] => 0.94715690612793
            [processing] => 0.91042900085449
            [date_start] => 2021-10-15T21:39:59+03:00
            [date_finish] => 2021-10-15T21:40:00+03:00
        )

)

------------------------

------------------------
2021.10.15 21:40:16
webform result
Array
(
    [result] => 100491
    [time] => Array
        (
            [start] => 1634323215.2435
            [finish] => 1634323216.0201
            [duration] => 0.77667593955994
            [processing] => 0.74805808067322
            [date_start] => 2021-10-15T21:40:15+03:00
            [date_finish] => 2021-10-15T21:40:16+03:00
        )

)

------------------------

------------------------
2021.10.18 15:55:27
webform result
Array
(
    [result] => 100637
    [time] => Array
        (
            [start] => 1634561726.7194
            [finish] => 1634561727.7166
            [duration] => 0.99725890159607
            [processing] => 0.97255706787109
            [date_start] => 2021-10-18T15:55:26+03:00
            [date_finish] => 2021-10-18T15:55:27+03:00
        )

)

------------------------

------------------------
2021.10.18 21:37:54
webform result
Array
(
    [result] => 100653
    [time] => Array
        (
            [start] => 1634582272.9579
            [finish] => 1634582274.7294
            [duration] => 1.7715349197388
            [processing] => 1.7343349456787
            [date_start] => 2021-10-18T21:37:52+03:00
            [date_finish] => 2021-10-18T21:37:54+03:00
        )

)

------------------------

------------------------
2021.10.20 12:47:19
webform result
Array
(
    [result] => 100801
    [time] => Array
        (
            [start] => 1634723238.4511
            [finish] => 1634723239.2539
            [duration] => 0.80276989936829
            [processing] => 0.77358484268188
            [date_start] => 2021-10-20T12:47:18+03:00
            [date_finish] => 2021-10-20T12:47:19+03:00
        )

)

------------------------

------------------------
2021.10.20 15:39:42
webform result
Array
(
    [result] => 100845
    [time] => Array
        (
            [start] => 1634733580.3572
            [finish] => 1634733582.0121
            [duration] => 1.6549777984619
            [processing] => 1.5753967761993
            [date_start] => 2021-10-20T15:39:40+03:00
            [date_finish] => 2021-10-20T15:39:42+03:00
        )

)

------------------------

------------------------
2021.10.20 20:24:35
webform result
Array
(
    [result] => 100863
    [time] => Array
        (
            [start] => 1634750673.6133
            [finish] => 1634750675.2485
            [duration] => 1.6352028846741
            [processing] => 1.5941209793091
            [date_start] => 2021-10-20T20:24:33+03:00
            [date_finish] => 2021-10-20T20:24:35+03:00
        )

)

------------------------

------------------------
2021.10.21 18:43:53
webform result
Array
(
    [result] => 100953
    [time] => Array
        (
            [start] => 1634831032.3043
            [finish] => 1634831032.9765
            [duration] => 0.67218208312988
            [processing] => 0.64469504356384
            [date_start] => 2021-10-21T18:43:52+03:00
            [date_finish] => 2021-10-21T18:43:52+03:00
        )

)

------------------------

------------------------
2021.10.22 12:18:11
webform result
Array
(
    [result] => 100981
    [time] => Array
        (
            [start] => 1634894290.012
            [finish] => 1634894291.6783
            [duration] => 1.6662750244141
            [processing] => 1.6236190795898
            [date_start] => 2021-10-22T12:18:10+03:00
            [date_finish] => 2021-10-22T12:18:11+03:00
        )

)

------------------------

------------------------
2021.10.23 17:11:58
webform result
Array
(
    [result] => 101057
    [time] => Array
        (
            [start] => 1634998317.6659
            [finish] => 1634998318.5647
            [duration] => 0.89882493019104
            [processing] => 0.86370897293091
            [date_start] => 2021-10-23T17:11:57+03:00
            [date_finish] => 2021-10-23T17:11:58+03:00
        )

)

------------------------

------------------------
2021.10.23 18:44:35
webform result
Array
(
    [result] => 101065
    [time] => Array
        (
            [start] => 1635003874.4088
            [finish] => 1635003875.2389
            [duration] => 0.83017897605896
            [processing] => 0.797523021698
            [date_start] => 2021-10-23T18:44:34+03:00
            [date_finish] => 2021-10-23T18:44:35+03:00
        )

)

------------------------

------------------------
2021.10.23 18:54:32
webform result
Array
(
    [result] => 101067
    [time] => Array
        (
            [start] => 1635004471.1873
            [finish] => 1635004472.0271
            [duration] => 0.83979797363281
            [processing] => 0.80450892448425
            [date_start] => 2021-10-23T18:54:31+03:00
            [date_finish] => 2021-10-23T18:54:32+03:00
        )

)

------------------------

------------------------
2021.10.26 10:12:27
webform result
Array
(
    [result] => 101233
    [time] => Array
        (
            [start] => 1635232346.5426
            [finish] => 1635232347.529
            [duration] => 0.98637580871582
            [processing] => 0.94886589050293
            [date_start] => 2021-10-26T10:12:26+03:00
            [date_finish] => 2021-10-26T10:12:27+03:00
        )

)

------------------------

------------------------
2021.10.27 17:58:37
webform result
Array
(
    [result] => 101369
    [time] => Array
        (
            [start] => 1635346716.4006
            [finish] => 1635346717.5968
            [duration] => 1.1961979866028
            [processing] => 1.1325001716614
            [date_start] => 2021-10-27T17:58:36+03:00
            [date_finish] => 2021-10-27T17:58:37+03:00
        )

)

------------------------

------------------------
2021.10.29 8:20:20
webform result
Array
(
    [result] => 101443
    [time] => Array
        (
            [start] => 1635484818.4943
            [finish] => 1635484820.4015
            [duration] => 1.907212972641
            [processing] => 1.8647229671478
            [date_start] => 2021-10-29T08:20:18+03:00
            [date_finish] => 2021-10-29T08:20:20+03:00
        )

)

------------------------

------------------------
2021.10.29 16:19:28
webform result
Array
(
    [result] => 101515
    [time] => Array
        (
            [start] => 1635513567.7508
            [finish] => 1635513568.526
            [duration] => 0.77522897720337
            [processing] => 0.74304795265198
            [date_start] => 2021-10-29T16:19:27+03:00
            [date_finish] => 2021-10-29T16:19:28+03:00
        )

)

------------------------

------------------------
2021.10.29 17:48:16
webform result
Array
(
    [result] => 101537
    [time] => Array
        (
            [start] => 1635518895.861
            [finish] => 1635518896.6277
            [duration] => 0.76667809486389
            [processing] => 0.73503088951111
            [date_start] => 2021-10-29T17:48:15+03:00
            [date_finish] => 2021-10-29T17:48:16+03:00
        )

)

------------------------

------------------------
2021.10.31 20:59:33
webform result
Array
(
    [result] => 101599
    [time] => Array
        (
            [start] => 1635703172.426
            [finish] => 1635703173.4207
            [duration] => 0.99469709396362
            [processing] => 0.96185994148254
            [date_start] => 2021-10-31T20:59:32+03:00
            [date_finish] => 2021-10-31T20:59:33+03:00
        )

)

------------------------

------------------------
2021.11.01 0:27:27
webform result
Array
(
    [result] => 101601
    [time] => Array
        (
            [start] => 1635715645.5774
            [finish] => 1635715647.5648
            [duration] => 1.9874069690704
            [processing] => 1.9477090835571
            [date_start] => 2021-11-01T00:27:25+03:00
            [date_finish] => 2021-11-01T00:27:27+03:00
        )

)

------------------------

------------------------
2021.11.01 10:04:11
webform result
Array
(
    [result] => 101609
    [time] => Array
        (
            [start] => 1635750250.0342
            [finish] => 1635750251.7781
            [duration] => 1.743889093399
            [processing] => 1.6699359416962
            [date_start] => 2021-11-01T10:04:10+03:00
            [date_finish] => 2021-11-01T10:04:11+03:00
        )

)

------------------------

------------------------
2021.11.01 14:46:22
webform result
Array
(
    [result] => 101667
    [time] => Array
        (
            [start] => 1635767181.0295
            [finish] => 1635767182.4693
            [duration] => 1.4397780895233
            [processing] => 1.3764359951019
            [date_start] => 2021-11-01T14:46:21+03:00
            [date_finish] => 2021-11-01T14:46:22+03:00
        )

)

------------------------

------------------------
2021.11.01 18:10:02
webform result
Array
(
    [result] => 101707
    [time] => Array
        (
            [start] => 1635779400.3537
            [finish] => 1635779401.9591
            [duration] => 1.6053738594055
            [processing] => 1.5540270805359
            [date_start] => 2021-11-01T18:10:00+03:00
            [date_finish] => 2021-11-01T18:10:01+03:00
        )

)

------------------------

------------------------
2021.11.02 11:09:09
webform result
Array
(
    [result] => 101739
    [time] => Array
        (
            [start] => 1635840549.0447
            [finish] => 1635840549.8393
            [duration] => 0.79455208778381
            [processing] => 0.76788115501404
            [date_start] => 2021-11-02T11:09:09+03:00
            [date_finish] => 2021-11-02T11:09:09+03:00
        )

)

------------------------

------------------------
2021.11.02 15:30:09
webform result
Array
(
    [result] => 101795
    [time] => Array
        (
            [start] => 1635856208.1118
            [finish] => 1635856209.267
            [duration] => 1.1552140712738
            [processing] => 1.1160070896149
            [date_start] => 2021-11-02T15:30:08+03:00
            [date_finish] => 2021-11-02T15:30:09+03:00
        )

)

------------------------

------------------------
2021.11.03 9:46:01
webform result
Array
(
    [result] => 101823
    [time] => Array
        (
            [start] => 1635921959.6914
            [finish] => 1635921961.1767
            [duration] => 1.4852750301361
            [processing] => 1.416209936142
            [date_start] => 2021-11-03T09:45:59+03:00
            [date_finish] => 2021-11-03T09:46:01+03:00
        )

)

------------------------

------------------------
2021.11.03 13:04:46
webform result
Array
(
    [result] => 101849
    [time] => Array
        (
            [start] => 1635933884.1154
            [finish] => 1635933886.2351
            [duration] => 2.1196501255035
            [processing] => 2.0569381713867
            [date_start] => 2021-11-03T13:04:44+03:00
            [date_finish] => 2021-11-03T13:04:46+03:00
        )

)

------------------------

------------------------
2021.11.04 11:19:29
webform result
Array
(
    [result] => 101891
    [time] => Array
        (
            [start] => 1636013968.5668
            [finish] => 1636013969.6857
            [duration] => 1.1189389228821
            [processing] => 1.0889129638672
            [date_start] => 2021-11-04T11:19:28+03:00
            [date_finish] => 2021-11-04T11:19:29+03:00
        )

)

------------------------

------------------------
2021.11.04 12:25:13
webform result
Array
(
    [result] => 101899
    [time] => Array
        (
            [start] => 1636017912.5662
            [finish] => 1636017913.3602
            [duration] => 0.79393887519836
            [processing] => 0.75643706321716
            [date_start] => 2021-11-04T12:25:12+03:00
            [date_finish] => 2021-11-04T12:25:13+03:00
        )

)

------------------------

------------------------
2021.11.06 17:29:42
webform result
Array
(
    [result] => 102009
    [time] => Array
        (
            [start] => 1636208981.6019
            [finish] => 1636208982.5808
            [duration] => 0.9788670539856
            [processing] => 0.9364960193634
            [date_start] => 2021-11-06T17:29:41+03:00
            [date_finish] => 2021-11-06T17:29:42+03:00
        )

)

------------------------

------------------------
2021.11.09 13:16:46
webform result
Array
(
    [result] => 102191
    [time] => Array
        (
            [start] => 1636453004.4907
            [finish] => 1636453006.12
            [duration] => 1.6292998790741
            [processing] => 1.5713539123535
            [date_start] => 2021-11-09T13:16:44+03:00
            [date_finish] => 2021-11-09T13:16:46+03:00
        )

)

------------------------

------------------------
2021.11.11 22:36:34
webform result
Array
(
    [result] => 102355
    [time] => Array
        (
            [start] => 1636659392.2025
            [finish] => 1636659394.5797
            [duration] => 2.3772759437561
            [processing] => 2.3168249130249
            [date_start] => 2021-11-11T22:36:32+03:00
            [date_finish] => 2021-11-11T22:36:34+03:00
        )

)

------------------------

------------------------
2021.11.15 10:33:48
webform result
Array
(
    [result] => 102499
    [time] => Array
        (
            [start] => 1636961626.742
            [finish] => 1636961628.1356
            [duration] => 1.3936700820923
            [processing] => 1.3553140163422
            [date_start] => 2021-11-15T10:33:46+03:00
            [date_finish] => 2021-11-15T10:33:48+03:00
        )

)

------------------------

------------------------
2021.11.16 14:34:55
webform result
Array
(
    [result] => 102627
    [time] => Array
        (
            [start] => 1637062493.5101
            [finish] => 1637062495.597
            [duration] => 2.0869390964508
            [processing] => 2.0346260070801
            [date_start] => 2021-11-16T14:34:53+03:00
            [date_finish] => 2021-11-16T14:34:55+03:00
        )

)

------------------------

------------------------
2021.11.18 16:49:48
webform result
Array
(
    [result] => 102817
    [time] => Array
        (
            [start] => 1637243387.6068
            [finish] => 1637243388.6344
            [duration] => 1.0275430679321
            [processing] => 0.99229907989502
            [date_start] => 2021-11-18T16:49:47+03:00
            [date_finish] => 2021-11-18T16:49:48+03:00
        )

)

------------------------

------------------------
2021.11.23 10:41:56
webform result
Array
(
    [result] => 103037
    [time] => Array
        (
            [start] => 1637653315.1219
            [finish] => 1637653316.1434
            [duration] => 1.0214748382568
            [processing] => 0.98786592483521
            [date_start] => 2021-11-23T10:41:55+03:00
            [date_finish] => 2021-11-23T10:41:56+03:00
        )

)

------------------------

------------------------
2021.11.23 14:14:37
webform result
Array
(
    [result] => 103067
    [time] => Array
        (
            [start] => 1637666076.8026
            [finish] => 1637666077.9217
            [duration] => 1.1190960407257
            [processing] => 1.0573379993439
            [date_start] => 2021-11-23T14:14:36+03:00
            [date_finish] => 2021-11-23T14:14:37+03:00
        )

)

------------------------

------------------------
2021.12.02 12:30:41
webform result
Array
(
    [result] => 103681
    [time] => Array
        (
            [start] => 1638437440.2145
            [finish] => 1638437441.7184
            [duration] => 1.503870010376
            [processing] => 1.4588160514832
            [date_start] => 2021-12-02T12:30:40+03:00
            [date_finish] => 2021-12-02T12:30:41+03:00
        )

)

------------------------

------------------------
2021.12.02 14:09:21
webform result
Array
(
    [result] => 103689
    [time] => Array
        (
            [start] => 1638443360.2636
            [finish] => 1638443361.8718
            [duration] => 1.6082179546356
            [processing] => 1.5556659698486
            [date_start] => 2021-12-02T14:09:20+03:00
            [date_finish] => 2021-12-02T14:09:21+03:00
        )

)

------------------------

------------------------
2021.12.06 15:04:21
webform result
Array
(
    [result] => 103853
    [time] => Array
        (
            [start] => 1638792260.173
            [finish] => 1638792261.1601
            [duration] => 0.98713302612305
            [processing] => 0.94418907165527
            [date_start] => 2021-12-06T15:04:20+03:00
            [date_finish] => 2021-12-06T15:04:21+03:00
        )

)

------------------------

------------------------
2021.12.07 11:36:27
webform result
Array
(
    [result] => 103891
    [time] => Array
        (
            [start] => 1638866185.8297
            [finish] => 1638866187.3545
            [duration] => 1.5247490406036
            [processing] => 1.4771249294281
            [date_start] => 2021-12-07T11:36:25+03:00
            [date_finish] => 2021-12-07T11:36:27+03:00
        )

)

------------------------

------------------------
2021.12.07 11:37:39
webform result
Array
(
    [result] => 103893
    [time] => Array
        (
            [start] => 1638866257.6167
            [finish] => 1638866258.9735
            [duration] => 1.3567981719971
            [processing] => 1.2761669158936
            [date_start] => 2021-12-07T11:37:37+03:00
            [date_finish] => 2021-12-07T11:37:38+03:00
        )

)

------------------------

------------------------
2021.12.13 15:30:29
webform result
Array
(
    [result] => 104183
    [time] => Array
        (
            [start] => 1639398627.9198
            [finish] => 1639398629.4136
            [duration] => 1.4938549995422
            [processing] => 1.4238440990448
            [date_start] => 2021-12-13T15:30:27+03:00
            [date_finish] => 2021-12-13T15:30:29+03:00
        )

)

------------------------

------------------------
2021.12.13 19:07:14
webform result
Array
(
    [result] => 104199
    [time] => Array
        (
            [start] => 1639411632.9115
            [finish] => 1639411634.6565
            [duration] => 1.7449860572815
            [processing] => 1.7066600322723
            [date_start] => 2021-12-13T19:07:12+03:00
            [date_finish] => 2021-12-13T19:07:14+03:00
        )

)

------------------------

------------------------
2021.12.22 10:26:12
webform result
Array
(
    [result] => 104547
    [time] => Array
        (
            [start] => 1640157971.4352
            [finish] => 1640157972.8387
            [duration] => 1.4035258293152
            [processing] => 1.3750331401825
            [date_start] => 2021-12-22T10:26:11+03:00
            [date_finish] => 2021-12-22T10:26:12+03:00
        )

)

------------------------

------------------------
2021.12.24 18:40:33
webform result
Array
(
    [result] => 104689
    [time] => Array
        (
            [start] => 1640360432.9065
            [finish] => 1640360433.6262
            [duration] => 0.71965980529785
            [processing] => 0.68784403800964
            [date_start] => 2021-12-24T18:40:32+03:00
            [date_finish] => 2021-12-24T18:40:33+03:00
        )

)

------------------------

------------------------
2021.12.27 13:41:11
webform result
Array
(
    [result] => 104725
    [time] => Array
        (
            [start] => 1640601670.0237
            [finish] => 1640601670.992
            [duration] => 0.96825480461121
            [processing] => 0.92465591430664
            [date_start] => 2021-12-27T13:41:10+03:00
            [date_finish] => 2021-12-27T13:41:10+03:00
        )

)

------------------------

------------------------
2022.01.10 13:28:39
webform result
Array
(
    [result] => 104931
    [time] => Array
        (
            [start] => 1641810517.3936
            [finish] => 1641810519.4518
            [duration] => 2.0582158565521
            [processing] => 2.0027430057526
            [date_start] => 2022-01-10T13:28:37+03:00
            [date_finish] => 2022-01-10T13:28:39+03:00
        )

)

------------------------

------------------------
2022.01.11 8:42:52
webform result
Array
(
    [result] => 104965
    [time] => Array
        (
            [start] => 1641879770.9745
            [finish] => 1641879772.6499
            [duration] => 1.6754319667816
            [processing] => 1.618057012558
            [date_start] => 2022-01-11T08:42:50+03:00
            [date_finish] => 2022-01-11T08:42:52+03:00
        )

)

------------------------

------------------------
2022.01.11 12:25:17
webform result
Array
(
    [result] => 104987
    [time] => Array
        (
            [start] => 1641893116.1363
            [finish] => 1641893117.0977
            [duration] => 0.96147012710571
            [processing] => 0.93217515945435
            [date_start] => 2022-01-11T12:25:16+03:00
            [date_finish] => 2022-01-11T12:25:17+03:00
        )

)

------------------------

------------------------
2022.01.12 14:51:51
webform result
Array
(
    [result] => 105061
    [time] => Array
        (
            [start] => 1641988310.349
            [finish] => 1641988311.3182
            [duration] => 0.96918106079102
            [processing] => 0.93116784095764
            [date_start] => 2022-01-12T14:51:50+03:00
            [date_finish] => 2022-01-12T14:51:51+03:00
        )

)

------------------------

------------------------
2022.01.12 15:00:45
webform result
Array
(
    [result] => 105063
    [time] => Array
        (
            [start] => 1641988843.9059
            [finish] => 1641988845.2718
            [duration] => 1.365905046463
            [processing] => 1.3098330497742
            [date_start] => 2022-01-12T15:00:43+03:00
            [date_finish] => 2022-01-12T15:00:45+03:00
        )

)

------------------------

------------------------
2022.01.13 11:13:35
webform result
Array
(
    [result] => 105091
    [time] => Array
        (
            [start] => 1642061614.981
            [finish] => 1642061615.8376
            [duration] => 0.85666608810425
            [processing] => 0.82314300537109
            [date_start] => 2022-01-13T11:13:34+03:00
            [date_finish] => 2022-01-13T11:13:35+03:00
        )

)

------------------------

------------------------
2022.01.24 15:33:27
webform result
Array
(
    [result] => 105567
    [time] => Array
        (
            [start] => 1643027606.3495
            [finish] => 1643027607.9477
            [duration] => 1.5981559753418
            [processing] => 1.5582530498505
            [date_start] => 2022-01-24T15:33:26+03:00
            [date_finish] => 2022-01-24T15:33:27+03:00
        )

)

------------------------

------------------------
2022.02.01 20:33:24
webform result
Array
(
    [result] => 105935
    [time] => Array
        (
            [start] => 1643736801.2087
            [finish] => 1643736804.6036
            [duration] => 3.3949201107025
            [processing] => 3.3276429176331
            [date_start] => 2022-02-01T20:33:21+03:00
            [date_finish] => 2022-02-01T20:33:24+03:00
        )

)

------------------------

------------------------
2022.02.04 20:58:19
webform result
Array
(
    [result] => 106047
    [time] => Array
        (
            [start] => 1643997497.3167
            [finish] => 1643997498.9908
            [duration] => 1.6740629673004
            [processing] => 1.6400189399719
            [date_start] => 2022-02-04T20:58:17+03:00
            [date_finish] => 2022-02-04T20:58:18+03:00
        )

)

------------------------

------------------------
2022.02.08 0:22:22
webform result
Array
(
    [result] => 106127
    [time] => Array
        (
            [start] => 1644268940.2344
            [finish] => 1644268942.1934
            [duration] => 1.9590420722961
            [processing] => 1.9063730239868
            [date_start] => 2022-02-08T00:22:20+03:00
            [date_finish] => 2022-02-08T00:22:22+03:00
        )

)

------------------------

------------------------
2022.02.08 0:23:08
webform result
Array
(
    [result] => 106129
    [time] => Array
        (
            [start] => 1644268987.1422
            [finish] => 1644268987.9034
            [duration] => 0.76121592521667
            [processing] => 0.72883009910583
            [date_start] => 2022-02-08T00:23:07+03:00
            [date_finish] => 2022-02-08T00:23:07+03:00
        )

)

------------------------

------------------------
2022.02.12 12:21:11
webform result
Array
(
    [result] => 106355
    [time] => Array
        (
            [start] => 1644657670.3802
            [finish] => 1644657671.5859
            [duration] => 1.2057690620422
            [processing] => 1.1415309906006
            [date_start] => 2022-02-12T12:21:10+03:00
            [date_finish] => 2022-02-12T12:21:11+03:00
        )

)

------------------------

------------------------
2022.02.14 9:44:13
webform result
Array
(
    [result] => 106385
    [time] => Array
        (
            [start] => 1644821049.6644
            [finish] => 1644821053.0464
            [duration] => 3.3820641040802
            [processing] => 3.2809910774231
            [date_start] => 2022-02-14T09:44:09+03:00
            [date_finish] => 2022-02-14T09:44:13+03:00
        )

)

------------------------

------------------------
2022.02.16 15:40:38
webform result
Array
(
    [result] => 106577
    [time] => Array
        (
            [start] => 1645015235.6184
            [finish] => 1645015238.5599
            [duration] => 2.9414529800415
            [processing] => 2.8103320598602
            [date_start] => 2022-02-16T15:40:35+03:00
            [date_finish] => 2022-02-16T15:40:38+03:00
        )

)

------------------------

------------------------
2022.02.16 23:08:50
webform result
Array
(
    [result] => 106595
    [time] => Array
        (
            [start] => 1645042128.7002
            [finish] => 1645042130.2071
            [duration] => 1.506912946701
            [processing] => 1.4691171646118
            [date_start] => 2022-02-16T23:08:48+03:00
            [date_finish] => 2022-02-16T23:08:50+03:00
        )

)

------------------------

------------------------
2022.02.17 9:24:16
webform result
Array
(
    [result] => 106615
    [time] => Array
        (
            [start] => 1645079053.9737
            [finish] => 1645079056.0825
            [duration] => 2.1087579727173
            [processing] => 2.041374206543
            [date_start] => 2022-02-17T09:24:13+03:00
            [date_finish] => 2022-02-17T09:24:16+03:00
        )

)

------------------------

------------------------
2022.02.17 10:44:12
webform result
Array
(
    [result] => 106621
    [time] => Array
        (
            [start] => 1645083848.8145
            [finish] => 1645083852.762
            [duration] => 3.9474499225616
            [processing] => 3.7959280014038
            [date_start] => 2022-02-17T10:44:08+03:00
            [date_finish] => 2022-02-17T10:44:12+03:00
        )

)

------------------------

------------------------
2022.02.17 14:31:17
webform result
Array
(
    [result] => 106653
    [time] => Array
        (
            [start] => 1645097473.8979
            [finish] => 1645097477.65
            [duration] => 3.7520380020142
            [processing] => 3.6598680019379
            [date_start] => 2022-02-17T14:31:13+03:00
            [date_finish] => 2022-02-17T14:31:17+03:00
        )

)

------------------------

------------------------
2022.02.17 16:54:18
webform result
Array
(
    [result] => 106667
    [time] => Array
        (
            [start] => 1645106055.2731
            [finish] => 1645106058.7552
            [duration] => 3.4820740222931
            [processing] => 3.3995399475098
            [date_start] => 2022-02-17T16:54:15+03:00
            [date_finish] => 2022-02-17T16:54:18+03:00
        )

)

------------------------

------------------------
2022.02.18 14:47:22
webform result
Array
(
    [result] => 106715
    [time] => Array
        (
            [start] => 1645184839.0932
            [finish] => 1645184842.1871
            [duration] => 3.0938730239868
            [processing] => 3.0251939296722
            [date_start] => 2022-02-18T14:47:19+03:00
            [date_finish] => 2022-02-18T14:47:22+03:00
        )

)

------------------------

------------------------
2022.02.22 16:38:23
webform result
Array
(
    [result] => 106877
    [time] => Array
        (
            [start] => 1645537102.0983
            [finish] => 1645537103.0992
            [duration] => 1.0009260177612
            [processing] => 0.9581151008606
            [date_start] => 2022-02-22T16:38:22+03:00
            [date_finish] => 2022-02-22T16:38:23+03:00
        )

)

------------------------

------------------------
2022.02.24 11:06:10
webform result
Array
(
    [result] => 106909
    [time] => Array
        (
            [start] => 1645689968.7855
            [finish] => 1645689970.5822
            [duration] => 1.7966878414154
            [processing] => 1.7274219989777
            [date_start] => 2022-02-24T11:06:08+03:00
            [date_finish] => 2022-02-24T11:06:10+03:00
        )

)

------------------------

------------------------
2022.02.25 12:02:41
webform result
Array
(
    [result] => 106983
    [time] => Array
        (
            [start] => 1645779760.2
            [finish] => 1645779761.3721
            [duration] => 1.1720838546753
            [processing] => 1.1266851425171
            [date_start] => 2022-02-25T12:02:40+03:00
            [date_finish] => 2022-02-25T12:02:41+03:00
        )

)

------------------------

------------------------
2022.02.28 9:32:36
webform result
Array
(
    [result] => 107051
    [time] => Array
        (
            [start] => 1646029953.6636
            [finish] => 1646029956.0839
            [duration] => 2.4203300476074
            [processing] => 2.3698229789734
            [date_start] => 2022-02-28T09:32:33+03:00
            [date_finish] => 2022-02-28T09:32:36+03:00
        )

)

------------------------

------------------------
2022.03.09 11:15:27
webform result
Array
(
    [result] => 107491
    [time] => Array
        (
            [start] => 1646813725.8663
            [finish] => 1646813727.5933
            [duration] => 1.7269840240479
            [processing] => 1.6246290206909
            [date_start] => 2022-03-09T11:15:25+03:00
            [date_finish] => 2022-03-09T11:15:27+03:00
        )

)

------------------------

------------------------
2022.03.09 13:54:34
webform result
Array
(
    [result] => 107509
    [time] => Array
        (
            [start] => 1646823272.15
            [finish] => 1646823274.9369
            [duration] => 2.7869079113007
            [processing] => 2.7184519767761
            [date_start] => 2022-03-09T13:54:32+03:00
            [date_finish] => 2022-03-09T13:54:34+03:00
        )

)

------------------------

------------------------
2022.03.11 11:05:34
webform result
Array
(
    [result] => 107637
    [time] => Array
        (
            [start] => 1646985933.414
            [finish] => 1646985934.8615
            [duration] => 1.4474551677704
            [processing] => 1.3893630504608
            [date_start] => 2022-03-11T11:05:33+03:00
            [date_finish] => 2022-03-11T11:05:34+03:00
        )

)

------------------------

------------------------
2022.03.13 2:35:57
webform result
Array
(
    [result] => 107749
    [time] => Array
        (
            [start] => 1647128155.1659
            [finish] => 1647128157.1622
            [duration] => 1.9963350296021
            [processing] => 1.9573309421539
            [date_start] => 2022-03-13T02:35:55+03:00
            [date_finish] => 2022-03-13T02:35:57+03:00
        )

)

------------------------

------------------------
2022.03.15 11:21:49
webform result
Array
(
    [result] => 107869
    [time] => Array
        (
            [start] => 1647332505.9785
            [finish] => 1647332509.245
            [duration] => 3.2665011882782
            [processing] => 3.0622270107269
            [date_start] => 2022-03-15T11:21:45+03:00
            [date_finish] => 2022-03-15T11:21:49+03:00
        )

)

------------------------

------------------------
2022.03.15 14:14:01
webform result
Array
(
    [result] => 107897
    [time] => Array
        (
            [start] => 1647342840.3406
            [finish] => 1647342841.4065
            [duration] => 1.065878868103
            [processing] => 1.0276510715485
            [date_start] => 2022-03-15T14:14:00+03:00
            [date_finish] => 2022-03-15T14:14:01+03:00
        )

)

------------------------

------------------------
2022.03.16 16:15:51
webform result
Array
(
    [result] => 107997
    [time] => Array
        (
            [start] => 1647436550.6952
            [finish] => 1647436551.7916
            [duration] => 1.0964210033417
            [processing] => 1.0284280776978
            [date_start] => 2022-03-16T16:15:50+03:00
            [date_finish] => 2022-03-16T16:15:51+03:00
        )

)

------------------------

------------------------
2022.03.18 12:58:46
webform result
Array
(
    [result] => 108131
    [time] => Array
        (
            [start] => 1647597525.5891
            [finish] => 1647597526.649
            [duration] => 1.0598559379578
            [processing] => 1.0258600711823
            [date_start] => 2022-03-18T12:58:45+03:00
            [date_finish] => 2022-03-18T12:58:46+03:00
        )

)

------------------------

------------------------
2022.03.18 16:19:13
webform result
Array
(
    [result] => 108161
    [time] => Array
        (
            [start] => 1647609552.1832
            [finish] => 1647609553.1228
            [duration] => 0.93957495689392
            [processing] => 0.90564680099487
            [date_start] => 2022-03-18T16:19:12+03:00
            [date_finish] => 2022-03-18T16:19:13+03:00
        )

)

------------------------

------------------------
2022.03.20 9:50:09
webform result
Array
(
    [result] => 108203
    [time] => Array
        (
            [start] => 1647759008.7264
            [finish] => 1647759009.9546
            [duration] => 1.2282071113586
            [processing] => 1.182962179184
            [date_start] => 2022-03-20T09:50:08+03:00
            [date_finish] => 2022-03-20T09:50:09+03:00
        )

)

------------------------

------------------------
2022.03.21 15:19:53
webform result
Array
(
    [result] => 108313
    [time] => Array
        (
            [start] => 1647865192.0021
            [finish] => 1647865193.7211
            [duration] => 1.7189869880676
            [processing] => 1.6706199645996
            [date_start] => 2022-03-21T15:19:52+03:00
            [date_finish] => 2022-03-21T15:19:53+03:00
        )

)

------------------------

------------------------
2022.03.24 14:16:53
webform result
Array
(
    [result] => 108565
    [time] => Array
        (
            [start] => 1648120611.2003
            [finish] => 1648120613.3061
            [duration] => 2.1057970523834
            [processing] => 2.0056591033936
            [date_start] => 2022-03-24T14:16:51+03:00
            [date_finish] => 2022-03-24T14:16:53+03:00
        )

)

------------------------

------------------------
2022.03.24 19:25:01
webform result
Array
(
    [result] => 108603
    [time] => Array
        (
            [start] => 1648139099.3232
            [finish] => 1648139101.487
            [duration] => 2.163801908493
            [processing] => 2.0925989151001
            [date_start] => 2022-03-24T19:24:59+03:00
            [date_finish] => 2022-03-24T19:25:01+03:00
        )

)

------------------------

------------------------
2022.03.25 11:47:53
webform result
Array
(
    [result] => 108633
    [time] => Array
        (
            [start] => 1648198071.3085
            [finish] => 1648198073.0714
            [duration] => 1.7628209590912
            [processing] => 1.7211570739746
            [date_start] => 2022-03-25T11:47:51+03:00
            [date_finish] => 2022-03-25T11:47:53+03:00
        )

)

------------------------

------------------------
2022.03.31 11:45:49
webform result
Array
(
    [result] => 108971
    [time] => Array
        (
            [start] => 1648716344.5241
            [finish] => 1648716349.0303
            [duration] => 4.5062260627747
            [processing] => 4.3920719623566
            [date_start] => 2022-03-31T11:45:44+03:00
            [date_finish] => 2022-03-31T11:45:49+03:00
        )

)

------------------------

------------------------
2022.04.01 11:19:49
webform result
Array
(
    [result] => 109061
    [time] => Array
        (
            [start] => 1648801187.9813
            [finish] => 1648801189.8254
            [duration] => 1.8441190719604
            [processing] => 1.7692098617554
            [date_start] => 2022-04-01T11:19:47+03:00
            [date_finish] => 2022-04-01T11:19:49+03:00
        )

)

------------------------

------------------------
2022.04.01 11:27:56
webform result
Array
(
    [result] => 109067
    [time] => Array
        (
            [start] => 1648801675.0804
            [finish] => 1648801676.6093
            [duration] => 1.5288548469543
            [processing] => 1.4809010028839
            [date_start] => 2022-04-01T11:27:55+03:00
            [date_finish] => 2022-04-01T11:27:56+03:00
        )

)

------------------------

------------------------
2022.04.01 14:23:12
webform result
Array
(
    [result] => 109089
    [time] => Array
        (
            [start] => 1648812191.3184
            [finish] => 1648812192.9294
            [duration] => 1.6110229492188
            [processing] => 1.5694589614868
            [date_start] => 2022-04-01T14:23:11+03:00
            [date_finish] => 2022-04-01T14:23:12+03:00
        )

)

------------------------

------------------------
2022.04.01 14:51:35
webform result
Array
(
    [result] => 109093
    [time] => Array
        (
            [start] => 1648813894.2329
            [finish] => 1648813895.9038
            [duration] => 1.6708860397339
            [processing] => 1.6134850978851
            [date_start] => 2022-04-01T14:51:34+03:00
            [date_finish] => 2022-04-01T14:51:35+03:00
        )

)

------------------------

------------------------
2022.04.01 14:52:41
webform result
Array
(
    [result] => 109095
    [time] => Array
        (
            [start] => 1648813960.3913
            [finish] => 1648813961.1974
            [duration] => 0.80612707138062
            [processing] => 0.77947497367859
            [date_start] => 2022-04-01T14:52:40+03:00
            [date_finish] => 2022-04-01T14:52:41+03:00
        )

)

------------------------

------------------------
2022.04.02 12:42:51
webform result
Array
(
    [result] => 109119
    [time] => Array
        (
            [start] => 1648892570.7416
            [finish] => 1648892571.8102
            [duration] => 1.0685839653015
            [processing] => 1.0295538902283
            [date_start] => 2022-04-02T12:42:50+03:00
            [date_finish] => 2022-04-02T12:42:51+03:00
        )

)

------------------------

------------------------
2022.04.04 10:51:33
webform result
Array
(
    [result] => 109167
    [time] => Array
        (
            [start] => 1649058681.5335
            [finish] => 1649058693.0478
            [duration] => 11.514322042465
            [processing] => 8.7604880332947
            [date_start] => 2022-04-04T10:51:21+03:00
            [date_finish] => 2022-04-04T10:51:33+03:00
        )

)

------------------------

------------------------
2022.04.06 12:58:18
webform result
Array
(
    [result] => 109359
    [time] => Array
        (
            [start] => 1649239093.8584
            [finish] => 1649239098.1491
            [duration] => 4.2906420230865
            [processing] => 4.1624979972839
            [date_start] => 2022-04-06T12:58:13+03:00
            [date_finish] => 2022-04-06T12:58:18+03:00
        )

)

------------------------

------------------------
2022.04.06 13:56:06
webform result
Array
(
    [result] => 109367
    [time] => Array
        (
            [start] => 1649242563.506
            [finish] => 1649242566.345
            [duration] => 2.8390300273895
            [processing] => 2.760931968689
            [date_start] => 2022-04-06T13:56:03+03:00
            [date_finish] => 2022-04-06T13:56:06+03:00
        )

)

------------------------

------------------------
2022.04.06 14:26:06
webform result
Array
(
    [result] => 109369
    [time] => Array
        (
            [start] => 1649244362.6906
            [finish] => 1649244366.175
            [duration] => 3.4843380451202
            [processing] => 3.3611578941345
            [date_start] => 2022-04-06T14:26:02+03:00
            [date_finish] => 2022-04-06T14:26:06+03:00
        )

)

------------------------

------------------------
2022.04.06 14:40:42
webform result
Array
(
    [result] => 109377
    [time] => Array
        (
            [start] => 1649245240.3385
            [finish] => 1649245242.3178
            [duration] => 1.9792969226837
            [processing] => 1.9165179729462
            [date_start] => 2022-04-06T14:40:40+03:00
            [date_finish] => 2022-04-06T14:40:42+03:00
        )

)

------------------------

------------------------
2022.04.08 10:27:59
webform result
Array
(
    [result] => 109499
    [time] => Array
        (
            [start] => 1649402877.3449
            [finish] => 1649402879.6966
            [duration] => 2.3516590595245
            [processing] => 2.2756669521332
            [date_start] => 2022-04-08T10:27:57+03:00
            [date_finish] => 2022-04-08T10:27:59+03:00
        )

)

------------------------

------------------------
2022.04.09 15:07:29
webform result
Array
(
    [result] => 109595
    [time] => Array
        (
            [start] => 1649506048.7127
            [finish] => 1649506049.8251
            [duration] => 1.1123750209808
            [processing] => 1.0848619937897
            [date_start] => 2022-04-09T15:07:28+03:00
            [date_finish] => 2022-04-09T15:07:29+03:00
        )

)

------------------------

------------------------
2022.04.11 11:32:38
webform result
Array
(
    [result] => 109655
    [time] => Array
        (
            [start] => 1649665956.4761
            [finish] => 1649665958.1104
            [duration] => 1.6343030929565
            [processing] => 1.5582299232483
            [date_start] => 2022-04-11T11:32:36+03:00
            [date_finish] => 2022-04-11T11:32:38+03:00
        )

)

------------------------

------------------------
2022.04.14 15:14:06
webform result
Array
(
    [result] => 109939
    [time] => Array
        (
            [start] => 1649938444.2153
            [finish] => 1649938446.4065
            [duration] => 2.1912078857422
            [processing] => 2.1234560012817
            [date_start] => 2022-04-14T15:14:04+03:00
            [date_finish] => 2022-04-14T15:14:06+03:00
        )

)

------------------------

------------------------
2022.04.15 10:59:59
webform result
Array
(
    [result] => 109979
    [time] => Array
        (
            [start] => 1650009597.1716
            [finish] => 1650009599.661
            [duration] => 2.489413022995
            [processing] => 2.4445757865906
            [date_start] => 2022-04-15T10:59:57+03:00
            [date_finish] => 2022-04-15T10:59:59+03:00
        )

)

------------------------

------------------------
2022.04.16 8:36:21
webform result
Array
(
    [result] => 110049
    [time] => Array
        (
            [start] => 1650087379.8737
            [finish] => 1650087381.7659
            [duration] => 1.892119884491
            [processing] => 1.8393580913544
            [date_start] => 2022-04-16T08:36:19+03:00
            [date_finish] => 2022-04-16T08:36:21+03:00
        )

)

------------------------

------------------------
2022.04.18 9:59:56
webform result
Array
(
    [result] => 110103
    [time] => Array
        (
            [start] => 1650265195.205
            [finish] => 1650265196.4923
            [duration] => 1.2872269153595
            [processing] => 1.2491278648376
            [date_start] => 2022-04-18T09:59:55+03:00
            [date_finish] => 2022-04-18T09:59:56+03:00
        )

)

------------------------

------------------------
2022.04.19 0:21:57
webform result
Array
(
    [result] => 110201
    [time] => Array
        (
            [start] => 1650316915.9654
            [finish] => 1650316917.8955
            [duration] => 1.9301469326019
            [processing] => 1.8947110176086
            [date_start] => 2022-04-19T00:21:55+03:00
            [date_finish] => 2022-04-19T00:21:57+03:00
            [operating] => 0
        )

)

------------------------

------------------------
2022.04.19 11:10:43
webform result
Array
(
    [result] => 110227
    [time] => Array
        (
            [start] => 1650355837.7203
            [finish] => 1650355843.66
            [duration] => 5.939658164978
            [processing] => 5.8193030357361
            [date_start] => 2022-04-19T11:10:37+03:00
            [date_finish] => 2022-04-19T11:10:43+03:00
            [operating] => 0
        )

)

------------------------

------------------------
2022.04.21 9:10:12
webform result
Array
(
    [result] => 110439
    [time] => Array
        (
            [start] => 1650521408.794
            [finish] => 1650521412.888
            [duration] => 4.0939989089966
            [processing] => 3.9106841087341
            [date_start] => 2022-04-21T09:10:08+03:00
            [date_finish] => 2022-04-21T09:10:12+03:00
            [operating] => 0
        )

)

------------------------

------------------------
2022.04.21 9:36:32
webform result
Array
(
    [result] => 110445
    [time] => Array
        (
            [start] => 1650522989.946
            [finish] => 1650522992.6176
            [duration] => 2.6715688705444
            [processing] => 2.6073491573334
            [date_start] => 2022-04-21T09:36:29+03:00
            [date_finish] => 2022-04-21T09:36:32+03:00
            [operating] => 0
        )

)

------------------------

------------------------
2022.04.22 9:35:53
webform result
Array
(
    [result] => 110523
    [time] => Array
        (
            [start] => 1650609351.3633
            [finish] => 1650609353.4623
            [duration] => 2.0990500450134
            [processing] => 2.0528662204742
            [date_start] => 2022-04-22T09:35:51+03:00
            [date_finish] => 2022-04-22T09:35:53+03:00
            [operating] => 0
        )

)

------------------------

------------------------
2022.04.23 12:25:48
webform result
Array
(
    [result] => 110585
    [time] => Array
        (
            [start] => 1650705947.0287
            [finish] => 1650705948.1981
            [duration] => 1.169487953186
            [processing] => 1.1256031990051
            [date_start] => 2022-04-23T12:25:47+03:00
            [date_finish] => 2022-04-23T12:25:48+03:00
            [operating] => 0
        )

)

------------------------

------------------------
2022.04.25 9:45:18
webform result
Array
(
    [result] => 110645
    [time] => Array
        (
            [start] => 1650869115.6984
            [finish] => 1650869118.6762
            [duration] => 2.9777691364288
            [processing] => 2.9042291641235
            [date_start] => 2022-04-25T09:45:15+03:00
            [date_finish] => 2022-04-25T09:45:18+03:00
            [operating] => 0
        )

)

------------------------

------------------------
2022.04.27 11:24:45
webform result
Array
(
    [result] => 110887
    [time] => Array
        (
            [start] => 1651047883.8715
            [finish] => 1651047885.4686
            [duration] => 1.5971481800079
            [processing] => 1.5448679924011
            [date_start] => 2022-04-27T11:24:43+03:00
            [date_finish] => 2022-04-27T11:24:45+03:00
            [operating] => 5.7919929027557
        )

)

------------------------

------------------------
2022.04.27 12:09:20
webform result
Array
(
    [result] => 110899
    [time] => Array
        (
            [start] => 1651050557.7451
            [finish] => 1651050560.7083
            [duration] => 2.9631459712982
            [processing] => 2.8807179927826
            [date_start] => 2022-04-27T12:09:17+03:00
            [date_finish] => 2022-04-27T12:09:20+03:00
            [operating] => 0
        )

)

------------------------

------------------------
2022.04.30 14:33:19
webform result
Array
(
    [result] => 111241
    [time] => Array
        (
            [start] => 1651318398.8685
            [finish] => 1651318399.8852
            [duration] => 1.0167109966278
            [processing] => 0.962651014328
            [date_start] => 2022-04-30T14:33:18+03:00
            [date_finish] => 2022-04-30T14:33:19+03:00
            [operating] => 0
        )

)

------------------------

------------------------
2022.05.02 11:26:09
webform result
Array
(
    [result] => 111289
    [time] => Array
        (
            [start] => 1651479967.577
            [finish] => 1651479969.094
            [duration] => 1.517058134079
            [processing] => 1.4402840137482
            [date_start] => 2022-05-02T11:26:07+03:00
            [date_finish] => 2022-05-02T11:26:09+03:00
            [operating] => 0
        )

)

------------------------

------------------------
2022.05.02 14:34:13
webform result
Array
(
    [result] => 111305
    [time] => Array
        (
            [start] => 1651491251.5218
            [finish] => 1651491253.0856
            [duration] => 1.5638308525085
            [processing] => 1.4921910762787
            [date_start] => 2022-05-02T14:34:11+03:00
            [date_finish] => 2022-05-02T14:34:13+03:00
            [operating] => 0
        )

)

------------------------

------------------------
2022.05.02 17:46:05
webform result
Array
(
    [result] => 111317
    [time] => Array
        (
            [start] => 1651502763.036
            [finish] => 1651502765.0787
            [duration] => 2.0427010059357
            [processing] => 1.976016998291
            [date_start] => 2022-05-02T17:46:03+03:00
            [date_finish] => 2022-05-02T17:46:05+03:00
            [operating] => 0
        )

)

------------------------

------------------------
2022.05.02 18:59:44
webform result
Array
(
    [result] => 111321
    [time] => Array
        (
            [start] => 1651507182.1674
            [finish] => 1651507184.1994
            [duration] => 2.0319747924805
            [processing] => 1.9364669322968
            [date_start] => 2022-05-02T18:59:42+03:00
            [date_finish] => 2022-05-02T18:59:44+03:00
            [operating] => 0
        )

)

------------------------

------------------------
2022.05.02 19:00:58
webform result
Array
(
    [result] => 111323
    [time] => Array
        (
            [start] => 1651507257.077
            [finish] => 1651507258.4495
            [duration] => 1.3724329471588
            [processing] => 1.3176710605621
            [date_start] => 2022-05-02T19:00:57+03:00
            [date_finish] => 2022-05-02T19:00:58+03:00
            [operating] => 2.9851553440094
        )

)

------------------------

------------------------
2022.05.03 16:57:11
webform result
Array
(
    [result] => 111381
    [time] => Array
        (
            [start] => 1651586230.0304
            [finish] => 1651586231.0569
            [duration] => 1.0265669822693
            [processing] => 0.98884797096252
            [date_start] => 2022-05-03T16:57:10+03:00
            [date_finish] => 2022-05-03T16:57:11+03:00
            [operating] => 1.9916338920593
        )

)

------------------------

------------------------
2022.05.03 18:25:30
webform result
Array
(
    [result] => 111387
    [time] => Array
        (
            [start] => 1651591528.3136
            [finish] => 1651591530.0198
            [duration] => 1.7062699794769
            [processing] => 1.6573269367218
            [date_start] => 2022-05-03T18:25:28+03:00
            [date_finish] => 2022-05-03T18:25:30+03:00
            [operating] => 0
        )

)

------------------------

------------------------
2022.05.04 20:28:09
webform result
Array
(
    [result] => 111505
    [time] => Array
        (
            [start] => 1651685287.9351
            [finish] => 1651685289.1918
            [duration] => 1.2566821575165
            [processing] => 1.2146701812744
            [date_start] => 2022-05-04T20:28:07+03:00
            [date_finish] => 2022-05-04T20:28:09+03:00
            [operating] => 0
        )

)

------------------------

------------------------
2022.05.05 9:46:18
webform result
Array
(
    [result] => 111533
    [time] => Array
        (
            [start] => 1651733176.8226
            [finish] => 1651733178.0706
            [duration] => 1.2479748725891
            [processing] => 1.2168998718262
            [date_start] => 2022-05-05T09:46:16+03:00
            [date_finish] => 2022-05-05T09:46:18+03:00
            [operating] => 1.9613540172577
        )

)

------------------------

------------------------
2022.05.06 18:10:11
webform result
Array
(
    [result] => 111737
    [time] => Array
        (
            [start] => 1651849810.3832
            [finish] => 1651849811.2597
            [duration] => 0.87650394439697
            [processing] => 0.8364839553833
            [date_start] => 2022-05-06T18:10:10+03:00
            [date_finish] => 2022-05-06T18:10:11+03:00
            [operating] => 0
        )

)

------------------------

------------------------
2022.05.11 11:51:59
webform result
Array
(
    [result] => 111857
    [time] => Array
        (
            [start] => 1652259115.9293
            [finish] => 1652259119.8445
            [duration] => 3.9151930809021
            [processing] => 3.7876470088959
            [date_start] => 2022-05-11T11:51:55+03:00
            [date_finish] => 2022-05-11T11:51:59+03:00
            [operating] => 0
        )

)

------------------------

------------------------
2022.05.13 13:23:40
webform result
Array
(
    [result] => 112047
    [time] => Array
        (
            [start] => 1652437419.0923
            [finish] => 1652437420.9408
            [duration] => 1.8485071659088
            [processing] => 1.7296471595764
            [date_start] => 2022-05-13T13:23:39+03:00
            [date_finish] => 2022-05-13T13:23:40+03:00
            [operating] => 0
        )

)

------------------------

------------------------
2022.05.16 11:54:35
webform result
Array
(
    [result] => 112219
    [time] => Array
        (
            [start] => 1652691269.1107
            [finish] => 1652691275.3726
            [duration] => 6.2619879245758
            [processing] => 6.1051881313324
            [date_start] => 2022-05-16T11:54:29+03:00
            [date_finish] => 2022-05-16T11:54:35+03:00
            [operating] => 7.1568291187286
        )

)

------------------------

------------------------
2022.05.21 11:18:09
webform result
Array
(
    [result] => 112745
    [time] => Array
        (
            [start] => 1653121087.9383
            [finish] => 1653121089.0891
            [duration] => 1.1507608890533
            [processing] => 1.1203858852386
            [date_start] => 2022-05-21T11:18:07+03:00
            [date_finish] => 2022-05-21T11:18:09+03:00
            [operating] => 0
        )

)

------------------------

------------------------
2022.05.23 11:11:49
webform result
Array
(
    [result] => 112829
    [time] => Array
        (
            [start] => 1653293506.5328
            [finish] => 1653293509.1865
            [duration] => 2.6537139415741
            [processing] => 2.5775079727173
            [date_start] => 2022-05-23T11:11:46+03:00
            [date_finish] => 2022-05-23T11:11:49+03:00
            [operating] => 3.9873859882355
        )

)

------------------------

------------------------
2022.05.25 10:31:30
webform result
Array
(
    [result] => 113089
    [time] => Array
        (
            [start] => 1653463874.3226
            [finish] => 1653463890.3866
            [duration] => 16.064007997513
            [processing] => 14.781595945358
            [date_start] => 2022-05-25T10:31:14+03:00
            [date_finish] => 2022-05-25T10:31:30+03:00
            [operating] => 0
        )

)

------------------------

------------------------
2022.05.26 12:10:18
webform result
Array
(
    [result] => 113243
    [time] => Array
        (
            [start] => 1653556214.1301
            [finish] => 1653556218.209
            [duration] => 4.0789270401001
            [processing] => 4.0002200603485
            [date_start] => 2022-05-26T12:10:14+03:00
            [date_finish] => 2022-05-26T12:10:18+03:00
            [operating] => 0
        )

)

------------------------

------------------------
2022.05.26 13:27:09
webform result
Array
(
    [result] => 113259
    [time] => Array
        (
            [start] => 1653560826.9672
            [finish] => 1653560829.7538
            [duration] => 2.7866220474243
            [processing] => 2.6730921268463
            [date_start] => 2022-05-26T13:27:06+03:00
            [date_finish] => 2022-05-26T13:27:09+03:00
            [operating] => 0
        )

)

------------------------

------------------------
2022.05.29 16:11:18
webform result
Array
(
    [result] => 113489
    [time] => Array
        (
            [start] => 1653829877.3134
            [finish] => 1653829878.3696
            [duration] => 1.0562648773193
            [processing] => 1.0292348861694
            [date_start] => 2022-05-29T16:11:17+03:00
            [date_finish] => 2022-05-29T16:11:18+03:00
            [operating] => 0
        )

)

------------------------

------------------------
2022.06.07 13:52:16
webform result
Array
(
    [result] => 114227
    [time] => Array
        (
            [start] => 1654599134.3318
            [finish] => 1654599136.172
            [duration] => 1.8401818275452
            [processing] => 1.7964618206024
            [date_start] => 2022-06-07T13:52:14+03:00
            [date_finish] => 2022-06-07T13:52:16+03:00
            [operating] => 1.9938280582428
        )

)

------------------------

------------------------
2022.06.09 10:29:03
webform result
Array
(
    [result] => 114381
    [time] => Array
        (
            [start] => 1654759732.4835
            [finish] => 1654759743.6456
            [duration] => 11.162086009979
            [processing] => 11.08574795723
            [date_start] => 2022-06-09T10:28:52+03:00
            [date_finish] => 2022-06-09T10:29:03+03:00
            [operating] => 0
        )

)

------------------------

------------------------
2022.06.10 9:08:48
webform result
Array
(
    [result] => 114461
    [time] => Array
        (
            [start] => 1654841327.241
            [finish] => 1654841328.7558
            [duration] => 1.5147750377655
            [processing] => 1.4817788600922
            [date_start] => 2022-06-10T09:08:47+03:00
            [date_finish] => 2022-06-10T09:08:48+03:00
            [operating] => 0
        )

)

------------------------

------------------------
2022.06.10 16:21:17
webform result
Array
(
    [result] => 114529
    [time] => Array
        (
            [start] => 1654867275.621
            [finish] => 1654867277.1879
            [duration] => 1.5668640136719
            [processing] => 1.5292031764984
            [date_start] => 2022-06-10T16:21:15+03:00
            [date_finish] => 2022-06-10T16:21:17+03:00
            [operating] => 0
        )

)

------------------------

------------------------
2022.06.15 17:17:27
webform result
Array
(
    [result] => 114835
    [time] => Array
        (
            [start] => 1655302645.9861
            [finish] => 1655302647.853
            [duration] => 1.8669228553772
            [processing] => 1.8067960739136
            [date_start] => 2022-06-15T17:17:25+03:00
            [date_finish] => 2022-06-15T17:17:27+03:00
            [operating] => 0
        )

)

------------------------

------------------------
2022.06.15 17:17:57
webform result
Array
(
    [result] => 114837
    [time] => Array
        (
            [start] => 1655302676.4041
            [finish] => 1655302677.3654
            [duration] => 0.96132302284241
            [processing] => 0.92694306373596
            [date_start] => 2022-06-15T17:17:56+03:00
            [date_finish] => 2022-06-15T17:17:57+03:00
            [operating] => 3.022100687027
        )

)

------------------------

------------------------
2022.06.16 15:40:33
webform result
Array
(
    [result] => 114917
    [time] => Array
        (
            [start] => 1655383232.2894
            [finish] => 1655383233.939
            [duration] => 1.6496069431305
            [processing] => 1.6085650920868
            [date_start] => 2022-06-16T15:40:32+03:00
            [date_finish] => 2022-06-16T15:40:33+03:00
            [operating] => 0
        )

)

------------------------

------------------------
2022.06.16 16:15:49
webform result
Array
(
    [result] => 114921
    [time] => Array
        (
            [start] => 1655385347.8425
            [finish] => 1655385349.11
            [duration] => 1.2675001621246
            [processing] => 1.2267360687256
            [date_start] => 2022-06-16T16:15:47+03:00
            [date_finish] => 2022-06-16T16:15:49+03:00
            [operating] => 0
        )

)

------------------------

------------------------
2022.06.20 13:26:34
webform result
Array
(
    [result] => 115149
    [time] => Array
        (
            [start] => 1655720793.715
            [finish] => 1655720794.4883
            [duration] => 0.7733519077301
            [processing] => 0.74757814407349
            [date_start] => 2022-06-20T13:26:33+03:00
            [date_finish] => 2022-06-20T13:26:34+03:00
            [operating] => 0
        )

)

------------------------

------------------------
2022.06.20 15:32:45
webform result
Array
(
    [result] => 115179
    [time] => Array
        (
            [start] => 1655728364.4554
            [finish] => 1655728365.2609
            [duration] => 0.80554509162903
            [processing] => 0.7660698890686
            [date_start] => 2022-06-20T15:32:44+03:00
            [date_finish] => 2022-06-20T15:32:45+03:00
            [operating] => 0
        )

)

------------------------

------------------------
2022.06.21 10:37:42
webform result
Array
(
    [result] => 115247
    [time] => Array
        (
            [start] => 1655797061.2167
            [finish] => 1655797062.0076
            [duration] => 0.79093599319458
            [processing] => 0.75770306587219
            [date_start] => 2022-06-21T10:37:41+03:00
            [date_finish] => 2022-06-21T10:37:42+03:00
            [operating] => 1.4973082542419
        )

)

------------------------

------------------------
2022.06.21 15:47:37
webform result
Array
(
    [result] => 115305
    [time] => Array
        (
            [start] => 1655815655.7939
            [finish] => 1655815657.5578
            [duration] => 1.7639129161835
            [processing] => 1.6947510242462
            [date_start] => 2022-06-21T15:47:35+03:00
            [date_finish] => 2022-06-21T15:47:37+03:00
            [operating] => 0
        )

)

------------------------

------------------------
2022.06.22 15:54:29
webform result
Array
(
    [result] => 115383
    [time] => Array
        (
            [start] => 1655902468.011
            [finish] => 1655902469.3879
            [duration] => 1.3769130706787
            [processing] => 1.3075439929962
            [date_start] => 2022-06-22T15:54:28+03:00
            [date_finish] => 2022-06-22T15:54:29+03:00
            [operating] => 0
        )

)

------------------------

------------------------
2022.06.23 12:41:39
webform result
Array
(
    [result] => 115429
    [time] => Array
        (
            [start] => 1655977298.4004
            [finish] => 1655977299.4102
            [duration] => 1.0097420215607
            [processing] => 0.98399305343628
            [date_start] => 2022-06-23T12:41:38+03:00
            [date_finish] => 2022-06-23T12:41:39+03:00
            [operating] => 0
        )

)

------------------------

------------------------
2022.06.27 10:54:39
webform result
Array
(
    [result] => 115575
    [time] => Array
        (
            [start] => 1656316478.0785
            [finish] => 1656316479.4945
            [duration] => 1.4160499572754
            [processing] => 1.3522620201111
            [date_start] => 2022-06-27T10:54:38+03:00
            [date_finish] => 2022-06-27T10:54:39+03:00
            [operating] => 0
        )

)

------------------------

------------------------
2022.06.28 12:05:10
webform result
Array
(
    [result] => 115677
    [time] => Array
        (
            [start] => 1656407108.5552
            [finish] => 1656407110.2908
            [duration] => 1.7355279922485
            [processing] => 1.6896829605103
            [date_start] => 2022-06-28T12:05:08+03:00
            [date_finish] => 2022-06-28T12:05:10+03:00
            [operating] => 0
        )

)

------------------------

------------------------
2022.06.29 10:50:28
webform result
Array
(
    [result] => 115765
    [time] => Array
        (
            [start] => 1656489026.6223
            [finish] => 1656489028.0112
            [duration] => 1.3888680934906
            [processing] => 1.3556308746338
            [date_start] => 2022-06-29T10:50:26+03:00
            [date_finish] => 2022-06-29T10:50:28+03:00
            [operating] => 1.9624447822571
        )

)

------------------------

------------------------
2022.06.29 16:33:32
webform result
Array
(
    [result] => 115843
    [time] => Array
        (
            [start] => 1656509610.7145
            [finish] => 1656509612.0239
            [duration] => 1.3093571662903
            [processing] => 1.2706680297852
            [date_start] => 2022-06-29T16:33:30+03:00
            [date_finish] => 2022-06-29T16:33:32+03:00
            [operating] => 0
        )

)

------------------------

------------------------
2022.06.30 9:10:39
webform result
Array
(
    [result] => 115855
    [time] => Array
        (
            [start] => 1656569438.2967
            [finish] => 1656569439.3616
            [duration] => 1.0648350715637
            [processing] => 1.000715970993
            [date_start] => 2022-06-30T09:10:38+03:00
            [date_finish] => 2022-06-30T09:10:39+03:00
            [operating] => 0
        )

)

------------------------

------------------------
2022.07.04 18:49:07
webform result
Array
(
    [result] => 116147
    [time] => Array
        (
            [start] => 1656949746.5953
            [finish] => 1656949747.5564
            [duration] => 0.96114182472229
            [processing] => 0.93159604072571
            [date_start] => 2022-07-04T18:49:06+03:00
            [date_finish] => 2022-07-04T18:49:07+03:00
            [operating] => 0
        )

)

------------------------

------------------------
2022.07.05 13:34:47
webform result
Array
(
    [result] => 116177
    [time] => Array
        (
            [start] => 1657017283.9515
            [finish] => 1657017287.7696
            [duration] => 3.8180918693542
            [processing] => 3.7391691207886
            [date_start] => 2022-07-05T13:34:43+03:00
            [date_finish] => 2022-07-05T13:34:47+03:00
            [operating] => 0
        )

)

------------------------

------------------------
2022.07.13 10:09:02
webform result
Array
(
    [result] => 116667
    [time] => Array
        (
            [start] => 1657696141.8403
            [finish] => 1657696142.695
            [duration] => 0.85476994514465
            [processing] => 0.82142496109009
            [date_start] => 2022-07-13T10:09:01+03:00
            [date_finish] => 2022-07-13T10:09:02+03:00
            [operating] => 0.82139301300049
        )

)

------------------------

------------------------
2022.07.13 13:59:02
webform result
Array
(
    [result] => 116713
    [time] => Array
        (
            [start] => 1657709941.3713
            [finish] => 1657709942.1819
            [duration] => 0.81062912940979
            [processing] => 0.78128409385681
            [date_start] => 2022-07-13T13:59:01+03:00
            [date_finish] => 2022-07-13T13:59:02+03:00
            [operating] => 0.78126001358032
        )

)

------------------------

------------------------
2022.07.15 15:22:20
webform result
Array
(
    [result] => 116885
    [time] => Array
        (
            [start] => 1657887739.4624
            [finish] => 1657887740.6483
            [duration] => 1.1858839988708
            [processing] => 1.1452741622925
            [date_start] => 2022-07-15T15:22:19+03:00
            [date_finish] => 2022-07-15T15:22:20+03:00
            [operating] => 1.1452441215515
        )

)

------------------------

------------------------
2022.07.15 15:24:38
webform result
Array
(
    [result] => 116887
    [time] => Array
        (
            [start] => 1657887877.2629
            [finish] => 1657887877.9824
            [duration] => 0.71945595741272
            [processing] => 0.68864297866821
            [date_start] => 2022-07-15T15:24:37+03:00
            [date_finish] => 2022-07-15T15:24:37+03:00
            [operating] => 1.8338611125946
        )

)

------------------------

------------------------
2022.07.16 15:27:49
webform result
Array
(
    [result] => 116929
    [time] => Array
        (
            [start] => 1657974468.1098
            [finish] => 1657974469.3305
            [duration] => 1.2206561565399
            [processing] => 1.1869080066681
            [date_start] => 2022-07-16T15:27:48+03:00
            [date_finish] => 2022-07-16T15:27:49+03:00
            [operating] => 1.1868889331818
        )

)

------------------------

------------------------
2022.07.16 15:29:22
webform result
Array
(
    [result] => 116931
    [time] => Array
        (
            [start] => 1657974562.1676
            [finish] => 1657974562.6994
            [duration] => 0.53172087669373
            [processing] => 0.51064896583557
            [date_start] => 2022-07-16T15:29:22+03:00
            [date_finish] => 2022-07-16T15:29:22+03:00
            [operating] => 1.697518825531
        )

)

------------------------

------------------------
2022.07.16 18:21:42
webform result
Array
(
    [result] => 116939
    [time] => Array
        (
            [start] => 1657984901.7385
            [finish] => 1657984902.3553
            [duration] => 0.6167950630188
            [processing] => 0.58133387565613
            [date_start] => 2022-07-16T18:21:41+03:00
            [date_finish] => 2022-07-16T18:21:42+03:00
            [operating] => 0.58130598068237
        )

)

------------------------

------------------------
2022.07.16 18:22:39
webform result
Array
(
    [result] => 116941
    [time] => Array
        (
            [start] => 1657984958.5666
            [finish] => 1657984959.0405
            [duration] => 0.473965883255
            [processing] => 0.45377516746521
            [date_start] => 2022-07-16T18:22:38+03:00
            [date_finish] => 2022-07-16T18:22:39+03:00
            [operating] => 1.0350620746613
        )

)

------------------------

------------------------
2022.07.16 18:22:42
webform result
Array
(
    [result] => 116943
    [time] => Array
        (
            [start] => 1657984962.2592
            [finish] => 1657984962.7858
            [duration] => 0.52657103538513
            [processing] => 0.50643992424011
            [date_start] => 2022-07-16T18:22:42+03:00
            [date_finish] => 2022-07-16T18:22:42+03:00
            [operating] => 1.087709903717
        )

)

------------------------

------------------------
2022.07.16 18:22:44
webform result
Array
(
    [result] => 116945
    [time] => Array
        (
            [start] => 1657984964.1215
            [finish] => 1657984964.6438
            [duration] => 0.52235388755798
            [processing] => 0.49907684326172
            [date_start] => 2022-07-16T18:22:44+03:00
            [date_finish] => 2022-07-16T18:22:44+03:00
            [operating] => 1.5867667198181
        )

)

------------------------

------------------------
2022.07.16 18:23:31
webform result
Array
(
    [result] => 116947
    [time] => Array
        (
            [start] => 1657985010.6956
            [finish] => 1657985011.2418
            [duration] => 0.54624104499817
            [processing] => 0.52564096450806
            [date_start] => 2022-07-16T18:23:30+03:00
            [date_finish] => 2022-07-16T18:23:31+03:00
            [operating] => 1.6133337020874
        )

)

------------------------

------------------------
2022.07.16 18:24:10
webform result
Array
(
    [result] => 116949
    [time] => Array
        (
            [start] => 1657985050.2403
            [finish] => 1657985050.8157
            [duration] => 0.57540798187256
            [processing] => 0.5529158115387
            [date_start] => 2022-07-16T18:24:10+03:00
            [date_finish] => 2022-07-16T18:24:10+03:00
            [operating] => 2.1662259101868
        )

)

------------------------

------------------------
2022.07.16 18:24:12
webform result
Array
(
    [result] => 116951
    [time] => Array
        (
            [start] => 1657985051.4182
            [finish] => 1657985051.9977
            [duration] => 0.57947111129761
            [processing] => 0.55608487129211
            [date_start] => 2022-07-16T18:24:11+03:00
            [date_finish] => 2022-07-16T18:24:11+03:00
            [operating] => 2.7222669124603
        )

)

------------------------

------------------------
2022.07.16 18:24:12
webform result
Array
(
    [result] => 116953
    [time] => Array
        (
            [start] => 1657985051.7069
            [finish] => 1657985052.2698
            [duration] => 0.56295490264893
            [processing] => 0.54325699806213
            [date_start] => 2022-07-16T18:24:11+03:00
            [date_finish] => 2022-07-16T18:24:12+03:00
            [operating_reset_at] => 1
            [operating] => 3.2655057907104
        )

)

------------------------

------------------------
2022.07.16 18:24:12
webform result
Array
(
    [result] => 116955
    [time] => Array
        (
            [start] => 1657985052.0504
            [finish] => 1657985052.593
            [duration] => 0.5425717830658
            [processing] => 0.5191171169281
            [date_start] => 2022-07-16T18:24:12+03:00
            [date_finish] => 2022-07-16T18:24:12+03:00
            [operating_reset_at] => 1
            [operating] => 3.7846076488495
        )

)

------------------------

------------------------
2022.07.16 18:24:12
webform result
Array
(
    [result] => 116957
    [time] => Array
        (
            [start] => 1657985052.2367
            [finish] => 1657985052.744
            [duration] => 0.50728607177734
            [processing] => 0.48879599571228
            [date_start] => 2022-07-16T18:24:12+03:00
            [date_finish] => 2022-07-16T18:24:12+03:00
            [operating_reset_at] => 2
            [operating] => 4.2733895778656
        )

)

------------------------

------------------------
2022.07.16 18:24:13
webform result
Array
(
    [result] => 116959
    [time] => Array
        (
            [start] => 1657985052.7919
            [finish] => 1657985053.3874
            [duration] => 0.59552502632141
            [processing] => 0.57527899742126
            [date_start] => 2022-07-16T18:24:12+03:00
            [date_finish] => 2022-07-16T18:24:13+03:00
            [operating_reset_at] => 2
            [operating] => 4.3598697185516
        )

)

------------------------

------------------------
2022.07.16 18:24:13
webform result
Array
(
    [result] => 116961
    [time] => Array
        (
            [start] => 1657985052.9856
            [finish] => 1657985053.6086
            [duration] => 0.62305521965027
            [processing] => 0.60089516639709
            [date_start] => 2022-07-16T18:24:12+03:00
            [date_finish] => 2022-07-16T18:24:13+03:00
            [operating_reset_at] => 2
            [operating] => 4.9607396125793
        )

)

------------------------

------------------------
2022.07.16 18:25:28
webform result
Array
(
    [result] => 116963
    [time] => Array
        (
            [start] => 1657985127.7238
            [finish] => 1657985128.3541
            [duration] => 0.63027191162109
            [processing] => 0.60917401313782
            [date_start] => 2022-07-16T18:25:27+03:00
            [date_finish] => 2022-07-16T18:25:28+03:00
            [operating] => 5.5698945522308
        )

)

------------------------

------------------------
2022.07.16 18:26:35
webform result
Array
(
    [result] => 116965
    [time] => Array
        (
            [start] => 1657985194.8555
            [finish] => 1657985195.3454
            [duration] => 0.48995304107666
            [processing] => 0.46875309944153
            [date_start] => 2022-07-16T18:26:34+03:00
            [date_finish] => 2022-07-16T18:26:35+03:00
            [operating] => 6.0386326313019
        )

)

------------------------

------------------------
2022.07.16 18:29:00
webform result
Array
(
    [result] => 116967
    [time] => Array
        (
            [start] => 1657985339.8839
            [finish] => 1657985340.4742
            [duration] => 0.59027791023254
            [processing] => 0.56934189796448
            [date_start] => 2022-07-16T18:28:59+03:00
            [date_finish] => 2022-07-16T18:29:00+03:00
            [operating] => 6.1392223834991
        )

)

------------------------

------------------------
2022.07.16 18:32:31
webform result
Array
(
    [result] => 116969
    [time] => Array
        (
            [start] => 1657985551.1528
            [finish] => 1657985551.6528
            [duration] => 0.49997901916504
            [processing] => 0.48070287704468
            [date_start] => 2022-07-16T18:32:31+03:00
            [date_finish] => 2022-07-16T18:32:31+03:00
            [operating] => 5.5321984291077
        )

)

------------------------

------------------------
2022.07.16 18:45:24
webform result
Array
(
    [result] => 116971
    [time] => Array
        (
            [start] => 1657986324.1001
            [finish] => 1657986324.6791
            [duration] => 0.57897901535034
            [processing] => 0.55744123458862
            [date_start] => 2022-07-16T18:45:24+03:00
            [date_finish] => 2022-07-16T18:45:24+03:00
            [operating] => 0.55742502212524
        )

)

------------------------

------------------------
2022.07.16 20:31:53
webform result
Array
(
    [result] => 116985
    [time] => Array
        (
            [start] => 1657992712.6303
            [finish] => 1657992713.2057
            [duration] => 0.57542610168457
            [processing] => 0.55008387565613
            [date_start] => 2022-07-16T20:31:52+03:00
            [date_finish] => 2022-07-16T20:31:53+03:00
            [operating] => 0.5500659942627
        )

)

------------------------

------------------------
2022.07.16 21:07:42
webform result
Array
(
    [result] => 116987
    [time] => Array
        (
            [start] => 1657994860.831
            [finish] => 1657994862.1312
            [duration] => 1.3002660274506
            [processing] => 1.2546980381012
            [date_start] => 2022-07-16T21:07:40+03:00
            [date_finish] => 2022-07-16T21:07:42+03:00
            [operating] => 1.2546780109406
        )

)

------------------------

------------------------
2022.07.16 21:11:15
webform result
Array
(
    [result] => 116989
    [time] => Array
        (
            [start] => 1657995075.3826
            [finish] => 1657995075.9572
            [duration] => 0.57460188865662
            [processing] => 0.554682970047
            [date_start] => 2022-07-16T21:11:15+03:00
            [date_finish] => 2022-07-16T21:11:15+03:00
            [operating] => 1.8093452453613
        )

)

------------------------

------------------------
2022.07.16 21:18:58
webform result
Array
(
    [result] => 116991
    [time] => Array
        (
            [start] => 1657995537.4855
            [finish] => 1657995538.0734
            [duration] => 0.58793115615845
            [processing] => 0.56547403335571
            [date_start] => 2022-07-16T21:18:57+03:00
            [date_finish] => 2022-07-16T21:18:58+03:00
            [operating] => 1.1201241016388
        )

)

------------------------

------------------------
2022.07.16 21:21:43
webform result
Array
(
    [result] => 116995
    [time] => Array
        (
            [start] => 1657995703.2547
            [finish] => 1657995703.804
            [duration] => 0.54931688308716
            [processing] => 0.52514815330505
            [date_start] => 2022-07-16T21:21:43+03:00
            [date_finish] => 2022-07-16T21:21:43+03:00
            [operating] => 1.5941309928894
        )

)

------------------------

------------------------
2022.07.16 21:26:10
webform result
Array
(
    [result] => 116997
    [time] => Array
        (
            [start] => 1657995968.7166
            [finish] => 1657995970.3975
            [duration] => 1.68084192276
            [processing] => 1.6604001522064
            [date_start] => 2022-07-16T21:26:08+03:00
            [date_finish] => 2022-07-16T21:26:10+03:00
            [operating] => 3.2545149326324
        )

)

------------------------

------------------------
2022.07.16 21:27:26
webform result
Array
(
    [result] => 116999
    [time] => Array
        (
            [start] => 1657996046.1821
            [finish] => 1657996046.6735
            [duration] => 0.4914379119873
            [processing] => 0.46872687339783
            [date_start] => 2022-07-16T21:27:26+03:00
            [date_finish] => 2022-07-16T21:27:26+03:00
            [operating] => 3.7232239246368
        )

)

------------------------

------------------------
2022.07.16 21:28:02
webform result
Array
(
    [result] => 117001
    [time] => Array
        (
            [start] => 1657996081.9739
            [finish] => 1657996082.5781
            [duration] => 0.60413503646851
            [processing] => 0.58325099945068
            [date_start] => 2022-07-16T21:28:01+03:00
            [date_finish] => 2022-07-16T21:28:02+03:00
            [operating] => 3.2722930908203
        )

)

------------------------

------------------------
2022.07.16 21:44:17
webform result
Array
(
    [result] => 117003
    [time] => Array
        (
            [start] => 1657997057.1331
            [finish] => 1657997057.7817
            [duration] => 0.64857888221741
            [processing] => 0.62383198738098
            [date_start] => 2022-07-16T21:44:17+03:00
            [date_finish] => 2022-07-16T21:44:17+03:00
            [operating] => 0.62381291389465
        )

)

------------------------

------------------------
2022.07.16 21:58:18
webform result
Array
(
    [result] => 117005
    [time] => Array
        (
            [start] => 1657997897.6503
            [finish] => 1657997898.3577
            [duration] => 0.70739817619324
            [processing] => 0.68354415893555
            [date_start] => 2022-07-16T21:58:17+03:00
            [date_finish] => 2022-07-16T21:58:18+03:00
            [operating] => 0.68352794647217
        )

)

------------------------

------------------------
2022.07.16 22:04:30
webform result
Array
(
    [result] => 117007
    [time] => Array
        (
            [start] => 1657998270.2078
            [finish] => 1657998270.781
            [duration] => 0.57313895225525
            [processing] => 0.55295586585999
            [date_start] => 2022-07-16T22:04:30+03:00
            [date_finish] => 2022-07-16T22:04:30+03:00
            [operating] => 1.2364690303802
        )

)

------------------------

------------------------
2022.07.16 22:05:23
webform result
Array
(
    [result] => 117009
    [time] => Array
        (
            [start] => 1657998323.2669
            [finish] => 1657998323.8223
            [duration] => 0.5553731918335
            [processing] => 0.5286979675293
            [date_start] => 2022-07-16T22:05:23+03:00
            [date_finish] => 2022-07-16T22:05:23+03:00
            [operating] => 1.7651510238647
        )

)

------------------------

------------------------
2022.07.16 22:05:47
webform result
Array
(
    [result] => 117011
    [time] => Array
        (
            [start] => 1657998347.055
            [finish] => 1657998347.5868
            [duration] => 0.53176307678223
            [processing] => 0.51233506202698
            [date_start] => 2022-07-16T22:05:47+03:00
            [date_finish] => 2022-07-16T22:05:47+03:00
            [operating] => 2.2774679660797
        )

)

------------------------

------------------------
2022.07.16 22:12:42
webform result
Array
(
    [result] => 117013
    [time] => Array
        (
            [start] => 1657998761.9609
            [finish] => 1657998762.5644
            [duration] => 0.60350704193115
            [processing] => 0.58188486099243
            [date_start] => 2022-07-16T22:12:41+03:00
            [date_finish] => 2022-07-16T22:12:42+03:00
            [operating] => 2.1758019924164
        )

)

------------------------

------------------------
2022.07.16 22:15:36
webform result
Array
(
    [result] => 117015
    [time] => Array
        (
            [start] => 1657998936.1572
            [finish] => 1657998936.7483
            [duration] => 0.59103298187256
            [processing] => 0.56729102134705
            [date_start] => 2022-07-16T22:15:36+03:00
            [date_finish] => 2022-07-16T22:15:36+03:00
            [operating] => 1.1491239070892
        )

)

------------------------

------------------------
2022.07.16 22:52:00
webform result
Array
(
    [result] => 117017
    [time] => Array
        (
            [start] => 1658001119.5276
            [finish] => 1658001120.1266
            [duration] => 0.59898495674133
            [processing] => 0.57141995429993
            [date_start] => 2022-07-16T22:51:59+03:00
            [date_finish] => 2022-07-16T22:52:00+03:00
            [operating] => 0.57140183448792
        )

)

------------------------

------------------------
2022.07.19 17:26:05
webform result
Array
(
    [result] => 117191
    [time] => Array
        (
            [start] => 1658240764.4026
            [finish] => 1658240765.5659
            [duration] => 1.1632421016693
            [processing] => 1.1370840072632
            [date_start] => 2022-07-19T17:26:04+03:00
            [date_finish] => 2022-07-19T17:26:05+03:00
            [operating] => 1.1370639801025
        )

)

------------------------

------------------------
2022.07.19 17:26:40
webform result
Array
(
    [result] => 117193
    [time] => Array
        (
            [start] => 1658240799.5325
            [finish] => 1658240800.1989
            [duration] => 0.66635608673096
            [processing] => 0.64438581466675
            [date_start] => 2022-07-19T17:26:39+03:00
            [date_finish] => 2022-07-19T17:26:40+03:00
            [operating_reset_at] => 1
            [operating] => 1.7814331054688
        )

)

------------------------

------------------------
2022.07.23 15:43:25
webform result
Array
(
    [result] => 117473
    [time] => Array
        (
            [start] => 1658580203.8874
            [finish] => 1658580205.4458
            [duration] => 1.5583980083466
            [processing] => 1.5120718479156
            [date_start] => 2022-07-23T15:43:23+03:00
            [date_finish] => 2022-07-23T15:43:25+03:00
            [operating] => 1.5120341777802
        )

)

------------------------

------------------------
2022.07.24 11:33:09
webform result
Array
(
    [result] => 117497
    [time] => Array
        (
            [start] => 1658651588.9732
            [finish] => 1658651589.7753
            [duration] => 0.80216002464294
            [processing] => 0.76407885551453
            [date_start] => 2022-07-24T11:33:08+03:00
            [date_finish] => 2022-07-24T11:33:09+03:00
            [operating] => 0.7640380859375
        )

)

------------------------

------------------------
2022.07.24 11:48:05
webform result
Array
(
    [result] => 117499
    [time] => Array
        (
            [start] => 1658652484.5746
            [finish] => 1658652485.3815
            [duration] => 0.80692291259766
            [processing] => 0.76694583892822
            [date_start] => 2022-07-24T11:48:04+03:00
            [date_finish] => 2022-07-24T11:48:05+03:00
            [operating] => 0.76689910888672
        )

)

------------------------

------------------------
2022.07.24 11:49:04
webform result
Array
(
    [result] => 117501
    [time] => Array
        (
            [start] => 1658652543.1611
            [finish] => 1658652544.0509
            [duration] => 0.88978004455566
            [processing] => 0.85544419288635
            [date_start] => 2022-07-24T11:49:03+03:00
            [date_finish] => 2022-07-24T11:49:04+03:00
            [operating] => 1.6223001480103
        )

)

------------------------

------------------------
2022.07.24 11:50:50
webform result
Array
(
    [result] => 117503
    [time] => Array
        (
            [start] => 1658652650.1418
            [finish] => 1658652650.9385
            [duration] => 0.79666304588318
            [processing] => 0.76010513305664
            [date_start] => 2022-07-24T11:50:50+03:00
            [date_finish] => 2022-07-24T11:50:50+03:00
            [operating] => 2.3823561668396
        )

)

------------------------

------------------------
2022.07.26 11:41:52
webform result
Array
(
    [result] => 117619
    [time] => Array
        (
            [start] => 1658824911.3222
            [finish] => 1658824912.8465
            [duration] => 1.5242748260498
            [processing] => 1.4805638790131
            [date_start] => 2022-07-26T11:41:51+03:00
            [date_finish] => 2022-07-26T11:41:52+03:00
            [operating] => 1.4805359840393
        )

)

------------------------

------------------------
2022.07.27 9:19:57
webform result
Array
(
    [result] => 117707
    [time] => Array
        (
            [start] => 1658902795.834
            [finish] => 1658902797.4165
            [duration] => 1.5825500488281
            [processing] => 1.5391800403595
            [date_start] => 2022-07-27T09:19:55+03:00
            [date_finish] => 2022-07-27T09:19:57+03:00
            [operating] => 1.5391619205475
        )

)

------------------------

------------------------
2022.07.27 10:23:34
webform result
Array
(
    [result] => 117713
    [time] => Array
        (
            [start] => 1658906612.7391
            [finish] => 1658906614.0181
            [duration] => 1.2790060043335
            [processing] => 1.2418849468231
            [date_start] => 2022-07-27T10:23:32+03:00
            [date_finish] => 2022-07-27T10:23:34+03:00
            [operating] => 1.2418649196625
        )

)

------------------------

------------------------
2022.08.01 17:26:52
webform result
Array
(
    [result] => 118021
    [time] => Array
        (
            [start] => 1659364010.3824
            [finish] => 1659364012.1994
            [duration] => 1.8170330524445
            [processing] => 1.7846708297729
            [date_start] => 2022-08-01T17:26:50+03:00
            [date_finish] => 2022-08-01T17:26:52+03:00
            [operating] => 1.7846488952637
        )

)

------------------------

------------------------
2022.08.03 9:31:09
webform result
Array
(
    [result] => 118113
    [time] => Array
        (
            [start] => 1659508268.6159
            [finish] => 1659508269.8592
            [duration] => 1.2433140277863
            [processing] => 1.2126820087433
            [date_start] => 2022-08-03T09:31:08+03:00
            [date_finish] => 2022-08-03T09:31:09+03:00
            [operating_reset_at] => 1659508868
            [operating] => 1.212662935257
        )

)

------------------------

------------------------
2022.08.13 16:08:44
webform result
Array
(
    [result] => 118785
    [time] => Array
        (
            [start] => 1660396123.2347
            [finish] => 1660396124.5972
            [duration] => 1.3624889850616
            [processing] => 1.3327660560608
            [date_start] => 2022-08-13T16:08:43+03:00
            [date_finish] => 2022-08-13T16:08:44+03:00
            [operating_reset_at] => 1660396723
            [operating] => 1.3327488899231
        )

)

------------------------

------------------------
2022.08.18 13:30:16
webform result
Array
(
    [result] => 119147
    [time] => Array
        (
            [start] => 1660818612.4838
            [finish] => 1660818615.9679
            [duration] => 3.4840590953827
            [processing] => 3.4263401031494
            [date_start] => 2022-08-18T13:30:12+03:00
            [date_finish] => 2022-08-18T13:30:15+03:00
            [operating_reset_at] => 1660819212
            [operating] => 3.4263179302216
        )

)

------------------------

------------------------
2022.08.22 12:51:10
webform result
Array
(
    [result] => 119291
    [time] => Array
        (
            [start] => 1661161868.7293
            [finish] => 1661161870.2195
            [duration] => 1.490226984024
            [processing] => 1.4541249275208
            [date_start] => 2022-08-22T12:51:08+03:00
            [date_finish] => 2022-08-22T12:51:10+03:00
            [operating_reset_at] => 1661162468
            [operating] => 1.4541058540344
        )

)

------------------------

------------------------
2022.08.22 13:10:04
webform result
Array
(
    [result] => 119295
    [time] => Array
        (
            [start] => 1661163002.3951
            [finish] => 1661163004.2451
            [duration] => 1.8500699996948
            [processing] => 1.7933948040009
            [date_start] => 2022-08-22T13:10:02+03:00
            [date_finish] => 2022-08-22T13:10:04+03:00
            [operating_reset_at] => 1661163602
            [operating] => 1.7933740615845
        )

)

------------------------

------------------------
2022.08.28 9:41:31
webform result
Array
(
    [result] => 119671
    [time] => Array
        (
            [start] => 1661668888.8516
            [finish] => 1661668891.6071
            [duration] => 2.7554678916931
            [processing] => 2.720762014389
            [date_start] => 2022-08-28T09:41:28+03:00
            [date_finish] => 2022-08-28T09:41:31+03:00
            [operating_reset_at] => 1661669488
            [operating] => 2.7207391262054
        )

)

------------------------

------------------------
2022.08.29 10:21:24
webform result
Array
(
    [result] => 119705
    [time] => Array
        (
            [start] => 1661757681.0799
            [finish] => 1661757684.4706
            [duration] => 3.390741109848
            [processing] => 2.8092210292816
            [date_start] => 2022-08-29T10:21:21+03:00
            [date_finish] => 2022-08-29T10:21:24+03:00
            [operating_reset_at] => 1661758281
            [operating] => 2.8091859817505
        )

)

------------------------

------------------------
2022.08.30 16:59:34
webform result
Array
(
    [result] => 119813
    [time] => Array
        (
            [start] => 1661867972.8618
            [finish] => 1661867974.57
            [duration] => 1.7081761360168
            [processing] => 1.6637480258942
            [date_start] => 2022-08-30T16:59:32+03:00
            [date_finish] => 2022-08-30T16:59:34+03:00
            [operating_reset_at] => 1661868572
            [operating] => 1.6637201309204
        )

)

------------------------

------------------------
2022.08.31 13:32:08
webform result
Array
(
    [result] => 119863
    [time] => Array
        (
            [start] => 1661941926.9867
            [finish] => 1661941928.8605
            [duration] => 1.873752117157
            [processing] => 1.8291659355164
            [date_start] => 2022-08-31T13:32:06+03:00
            [date_finish] => 2022-08-31T13:32:08+03:00
            [operating_reset_at] => 1661942527
            [operating] => 1.8291389942169
        )

)

------------------------

------------------------
2022.09.06 11:02:37
webform result
Array
(
    [result] => 120243
    [time] => Array
        (
            [start] => 1662451355.5322
            [finish] => 1662451357.1402
            [duration] => 1.6079680919647
            [processing] => 1.5584847927094
            [date_start] => 2022-09-06T11:02:35+03:00
            [date_finish] => 2022-09-06T11:02:37+03:00
            [operating_reset_at] => 1662451955
            [operating] => 1.5584509372711
        )

)

------------------------

------------------------
2022.09.07 19:57:53
webform result
Array
(
    [result] => 120399
    [time] => Array
        (
            [start] => 1662569872.8721
            [finish] => 1662569873.73
            [duration] => 0.8579249382019
            [processing] => 0.81394791603088
            [date_start] => 2022-09-07T19:57:52+03:00
            [date_finish] => 2022-09-07T19:57:53+03:00
            [operating_reset_at] => 1662570472
            [operating] => 0.81391787528992
        )

)

------------------------

------------------------
2022.09.08 10:36:47
webform result
Array
(
    [result] => 120409
    [time] => Array
        (
            [start] => 1662622605.876
            [finish] => 1662622607.6693
            [duration] => 1.7932960987091
            [processing] => 1.724711894989
            [date_start] => 2022-09-08T10:36:45+03:00
            [date_finish] => 2022-09-08T10:36:47+03:00
            [operating_reset_at] => 1662623205
            [operating] => 1.724681854248
        )

)

------------------------

------------------------
2022.09.14 14:40:20
webform result
Array
(
    [result] => 120729
    [time] => Array
        (
            [start] => 1663155604.9007
            [finish] => 1663155620.1969
            [duration] => 15.296198129654
            [processing] => 15.123062133789
            [date_start] => 2022-09-14T14:40:04+03:00
            [date_finish] => 2022-09-14T14:40:20+03:00
            [operating_reset_at] => 1663156205
            [operating] => 15.123023033142
        )

)

------------------------

------------------------
2022.09.20 15:50:20
webform result
Array
(
    [result] => 121129
    [time] => Array
        (
            [start] => 1663678219.104
            [finish] => 1663678220.5405
            [duration] => 1.4364728927612
            [processing] => 1.3934140205383
            [date_start] => 2022-09-20T15:50:19+03:00
            [date_finish] => 2022-09-20T15:50:20+03:00
            [operating_reset_at] => 1663678819
            [operating] => 1.3933939933777
        )

)

------------------------

------------------------
2022.09.26 19:08:51
webform result
Array
(
    [result] => 121457
    [time] => Array
        (
            [start] => 1664208529.0465
            [finish] => 1664208531.0761
            [duration] => 2.0295879840851
            [processing] => 1.9122631549835
            [date_start] => 2022-09-26T19:08:49+03:00
            [date_finish] => 2022-09-26T19:08:51+03:00
            [operating_reset_at] => 1664209129
            [operating] => 1.912202835083
        )

)

------------------------

------------------------
2022.09.29 9:14:39
webform result
Array
(
    [result] => 121591
    [time] => Array
        (
            [start] => 1664432077.0803
            [finish] => 1664432079.7737
            [duration] => 2.6933989524841
            [processing] => 2.5936698913574
            [date_start] => 2022-09-29T09:14:37+03:00
            [date_finish] => 2022-09-29T09:14:39+03:00
            [operating_reset_at] => 1664432677
            [operating] => 2.593631029129
        )

)

------------------------

------------------------
2022.10.03 11:41:38
webform result
Array
(
    [result] => 121755
    [time] => Array
        (
            [start] => 1664786495.8041
            [finish] => 1664786498.1051
            [duration] => 2.3010170459747
            [processing] => 2.2296860218048
            [date_start] => 2022-10-03T11:41:35+03:00
            [date_finish] => 2022-10-03T11:41:38+03:00
            [operating_reset_at] => 1664787095
            [operating] => 2.2296540737152
        )

)

------------------------

------------------------
2022.10.13 8:29:20
webform result
Array
(
    [result] => 122263
    [time] => Array
        (
            [start] => 1665638958.7266
            [finish] => 1665638960.8645
            [duration] => 2.1378657817841
            [processing] => 2.0816130638123
            [date_start] => 2022-10-13T08:29:18+03:00
            [date_finish] => 2022-10-13T08:29:20+03:00
            [operating_reset_at] => 1665639558
            [operating] => 2.0815951824188
        )

)

------------------------

------------------------
2022.10.19 17:45:05
webform result
Array
(
    [result] => 122589
    [time] => Array
        (
            [start] => 1666190703.3623
            [finish] => 1666190705.6143
            [duration] => 2.2520010471344
            [processing] => 2.1268560886383
            [date_start] => 2022-10-19T17:45:03+03:00
            [date_finish] => 2022-10-19T17:45:05+03:00
            [operating_reset_at] => 1666191303
            [operating] => 2.1267440319061
        )

)

------------------------

------------------------
2022.10.27 16:45:54
webform result
Array
(
    [result] => 123127
    [time] => Array
        (
            [start] => 1666878352.7557
            [finish] => 1666878354.4312
            [duration] => 1.6754579544067
            [processing] => 1.622330904007
            [date_start] => 2022-10-27T16:45:52+03:00
            [date_finish] => 2022-10-27T16:45:54+03:00
            [operating_reset_at] => 1666878952
            [operating] => 1.6222999095917
        )

)

------------------------

------------------------
2022.10.31 10:13:27
webform result
Array
(
    [result] => 123247
    [time] => Array
        (
            [start] => 1667200405.3231
            [finish] => 1667200407.3678
            [duration] => 2.0447378158569
            [processing] => 1.9688801765442
            [date_start] => 2022-10-31T10:13:25+03:00
            [date_finish] => 2022-10-31T10:13:27+03:00
            [operating_reset_at] => 1667201005
            [operating] => 1.9688539505005
        )

)

------------------------

------------------------
2022.11.14 19:23:47
webform result
Array
(
    [result] => 123971
    [time] => Array
        (
            [start] => 1668443026.0163
            [finish] => 1668443027.0616
            [duration] => 1.0452959537506
            [processing] => 0.99788498878479
            [date_start] => 2022-11-14T19:23:46+03:00
            [date_finish] => 2022-11-14T19:23:47+03:00
            [operating_reset_at] => 1668443626
            [operating] => 0.99785900115967
        )

)

------------------------

------------------------
2022.12.13 12:08:43
webform result
Array
(
    [result] => 125231
    [time] => Array
        (
            [start] => 1670922522.0861
            [finish] => 1670922523.6788
            [duration] => 1.5926887989044
            [processing] => 1.4680309295654
            [date_start] => 2022-12-13T12:08:42+03:00
            [date_finish] => 2022-12-13T12:08:43+03:00
            [operating_reset_at] => 1670923122
            [operating] => 1.4679749011993
        )

)

------------------------

------------------------
2022.12.19 10:51:42
webform result
Array
(
    [result] => 125421
    [time] => Array
        (
            [start] => 1671436299.749
            [finish] => 1671436301.9072
            [duration] => 2.1582469940186
            [processing] => 2.0718359947205
            [date_start] => 2022-12-19T10:51:39+03:00
            [date_finish] => 2022-12-19T10:51:41+03:00
            [operating_reset_at] => 1671436899
            [operating] => 2.0717449188232
        )

)

------------------------

------------------------
2022.12.25 19:39:22
webform result
Array
(
    [result] => 125621
    [time] => Array
        (
            [start] => 1671986360.2486
            [finish] => 1671986362.1314
            [duration] => 1.8827998638153
            [processing] => 1.8306498527527
            [date_start] => 2022-12-25T19:39:20+03:00
            [date_finish] => 2022-12-25T19:39:22+03:00
            [operating_reset_at] => 1671986960
            [operating] => 1.8306241035461
        )

)

------------------------

------------------------
2022.12.28 10:50:45
webform result
Array
(
    [result] => 125693
    [time] => Array
        (
            [start] => 1672213842.5589
            [finish] => 1672213845.5513
            [duration] => 2.9923961162567
            [processing] => 2.9208760261536
            [date_start] => 2022-12-28T10:50:42+03:00
            [date_finish] => 2022-12-28T10:50:45+03:00
            [operating_reset_at] => 1672214442
            [operating] => 2.9208450317383
        )

)

------------------------

------------------------
2023.01.17 14:09:11
webform result
Array
(
    [result] => 126073
    [time] => Array
        (
            [start] => 1673953749.0469
            [finish] => 1673953751.8019
            [duration] => 2.7550060749054
            [processing] => 2.6424050331116
            [date_start] => 2023-01-17T14:09:09+03:00
            [date_finish] => 2023-01-17T14:09:11+03:00
            [operating_reset_at] => 1673954349
            [operating] => 2.6423778533936
        )

)

------------------------

------------------------
2023.01.26 13:56:58
webform result
Array
(
    [result] => 126477
    [time] => Array
        (
            [start] => 1674730617.1102
            [finish] => 1674730618.6107
            [duration] => 1.5004179477692
            [processing] => 1.4535369873047
            [date_start] => 2023-01-26T13:56:57+03:00
            [date_finish] => 2023-01-26T13:56:58+03:00
            [operating_reset_at] => 1674731217
            [operating] => 1.453519821167
        )

)

------------------------

------------------------
2023.01.26 15:52:43
webform result
Array
(
    [result] => 126493
    [time] => Array
        (
            [start] => 1674737562.0178
            [finish] => 1674737563.5287
            [duration] => 1.5109250545502
            [processing] => 1.4601588249207
            [date_start] => 2023-01-26T15:52:42+03:00
            [date_finish] => 2023-01-26T15:52:43+03:00
            [operating_reset_at] => 1674738162
            [operating] => 1.4601349830627
        )

)

------------------------

------------------------
2023.02.21 15:06:58
webform result
Array
(
    [result] => 127425
    [time] => Array
        (
            [start] => 1676981214.8554
            [finish] => 1676981218.6521
            [duration] => 3.796660900116
            [processing] => 3.5571899414062
            [date_start] => 2023-02-21T15:06:54+03:00
            [date_finish] => 2023-02-21T15:06:58+03:00
            [operating_reset_at] => 1676981815
            [operating] => 3.5571618080139
        )

)

------------------------

------------------------
2023.03.02 10:45:04
webform result
Array
(
    [result] => 127649
    [time] => Array
        (
            [start] => 1677743101.3982
            [finish] => 1677743104.3754
            [duration] => 2.9772350788116
            [processing] => 2.8716630935669
            [date_start] => 2023-03-02T10:45:01+03:00
            [date_finish] => 2023-03-02T10:45:04+03:00
            [operating_reset_at] => 1677743701
            [operating] => 2.8716349601746
        )

)

------------------------

------------------------
2023.03.10 15:54:09
webform result
Array
(
    [result] => 127977
    [time] => Array
        (
            [start] => 1678452848.1685
            [finish] => 1678452849.2563
            [duration] => 1.0877759456635
            [processing] => 1.033793926239
            [date_start] => 2023-03-10T15:54:08+03:00
            [date_finish] => 2023-03-10T15:54:09+03:00
            [operating_reset_at] => 1678453448
            [operating] => 1.0337750911713
        )

)

------------------------

------------------------
2023.03.29 14:39:47
webform result
Array
(
    [result] => 128771
    [time] => Array
        (
            [start] => 1680089986.5427
            [finish] => 1680089987.7987
            [duration] => 1.2559289932251
            [processing] => 1.1993799209595
            [date_start] => 2023-03-29T14:39:46+03:00
            [date_finish] => 2023-03-29T14:39:47+03:00
            [operating_reset_at] => 1680090586
            [operating] => 1.1993520259857
        )

)

------------------------

------------------------
2023.04.24 15:04:26
webform result
Array
(
    [result] => 130079
    [time] => Array
        (
            [start] => 1682337864.8152
            [finish] => 1682337866.9687
            [duration] => 2.153501033783
            [processing] => 1.5457189083099
            [date_start] => 2023-04-24T15:04:24+03:00
            [date_finish] => 2023-04-24T15:04:26+03:00
            [operating_reset_at] => 1682338465
            [operating] => 1.545695066452
        )

)

------------------------

------------------------
2023.04.27 9:59:20
webform result
Array
(
    [result] => 130277
    [time] => Array
        (
            [start] => 1682578759.2938
            [finish] => 1682578760.4533
            [duration] => 1.1595759391785
            [processing] => 1.1185097694397
            [date_start] => 2023-04-27T09:59:19+03:00
            [date_finish] => 2023-04-27T09:59:20+03:00
            [operating_reset_at] => 1682579359
            [operating] => 1.1184849739075
        )

)

------------------------

------------------------
2023.05.08 12:16:48
webform result
Array
(
    [result] => 130919
    [time] => Array
        (
            [start] => 1683537407.6025
            [finish] => 1683537408.977
            [duration] => 1.3745651245117
            [processing] => 1.3165340423584
            [date_start] => 2023-05-08T12:16:47+03:00
            [date_finish] => 2023-05-08T12:16:48+03:00
            [operating_reset_at] => 1683538007
            [operating] => 1.3165109157562
        )

)

------------------------

------------------------
2023.05.10 11:31:11
webform result
Array
(
    [result] => 130967
    [time] => Array
        (
            [start] => 1683707470.6696
            [finish] => 1683707471.9763
            [duration] => 1.3066339492798
            [processing] => 1.2490758895874
            [date_start] => 2023-05-10T11:31:10+03:00
            [date_finish] => 2023-05-10T11:31:11+03:00
            [operating_reset_at] => 1683708070
            [operating] => 1.2490451335907
        )

)

------------------------

------------------------
2023.05.15 14:47:26
webform result
Array
(
    [result] => 131267
    [time] => Array
        (
            [start] => 1684151244.3832
            [finish] => 1684151246.4107
            [duration] => 2.0274059772491
            [processing] => 1.921648979187
            [date_start] => 2023-05-15T14:47:24+03:00
            [date_finish] => 2023-05-15T14:47:26+03:00
            [operating_reset_at] => 1684151844
            [operating] => 1.9216029644012
        )

)

------------------------

------------------------
2023.05.16 15:57:11
webform result
Array
(
    [result] => 131365
    [time] => Array
        (
            [start] => 1684241829.4493
            [finish] => 1684241831.3666
            [duration] => 1.9172470569611
            [processing] => 1.8494420051575
            [date_start] => 2023-05-16T15:57:09+03:00
            [date_finish] => 2023-05-16T15:57:11+03:00
            [operating_reset_at] => 1684242429
            [operating] => 1.8494110107422
        )

)

------------------------

------------------------
2023.05.26 16:12:38
webform result
Array
(
    [result] => 132107
    [time] => Array
        (
            [start] => 1685106757.2358
            [finish] => 1685106758.8881
            [duration] => 1.6523230075836
            [processing] => 1.5924050807953
            [date_start] => 2023-05-26T16:12:37+03:00
            [date_finish] => 2023-05-26T16:12:38+03:00
            [operating_reset_at] => 1685107357
            [operating] => 1.5923800468445
        )

)

------------------------

------------------------
2023.06.07 12:24:00
webform result
Array
(
    [result] => 132875
    [time] => Array
        (
            [start] => 1686129838.9207
            [finish] => 1686129840.4994
            [duration] => 1.5787451267242
            [processing] => 1.5214660167694
            [date_start] => 2023-06-07T12:23:58+03:00
            [date_finish] => 2023-06-07T12:24:00+03:00
            [operating_reset_at] => 1686130438
            [operating] => 1.5214409828186
        )

)

------------------------

------------------------
2023.06.21 11:25:05
webform result
Array
(
    [result] => 133657
    [time] => Array
        (
            [start] => 1687335903.9905
            [finish] => 1687335905.4899
            [duration] => 1.4993450641632
            [processing] => 1.4583730697632
            [date_start] => 2023-06-21T11:25:03+03:00
            [date_finish] => 2023-06-21T11:25:05+03:00
            [operating_reset_at] => 1687336504
            [operating] => 1.4583530426025
        )

)

------------------------

------------------------
2023.06.21 18:06:07
webform result
Array
(
    [result] => 133697
    [time] => Array
        (
            [start] => 1687359966.2017
            [finish] => 1687359967.5932
            [duration] => 1.3914799690247
            [processing] => 1.3537549972534
            [date_start] => 2023-06-21T18:06:06+03:00
            [date_finish] => 2023-06-21T18:06:07+03:00
            [operating_reset_at] => 1687360566
            [operating] => 1.3537380695343
        )

)

------------------------

------------------------
2023.07.12 12:56:50
webform result
Array
(
    [result] => 134699
    [time] => Array
        (
            [start] => 1689155809.4201
            [finish] => 1689155810.9085
            [duration] => 1.4883639812469
            [processing] => 1.4373860359192
            [date_start] => 2023-07-12T12:56:49+03:00
            [date_finish] => 2023-07-12T12:56:50+03:00
            [operating_reset_at] => 1689156409
            [operating] => 1.4373650550842
        )

)

------------------------

------------------------
2023.07.26 18:33:54
webform result
Array
(
    [result] => 135533
    [time] => Array
        (
            [start] => 1690385633.5558
            [finish] => 1690385634.9129
            [duration] => 1.3571410179138
            [processing] => 1.3123519420624
            [date_start] => 2023-07-26T18:33:53+03:00
            [date_finish] => 2023-07-26T18:33:54+03:00
            [operating_reset_at] => 1690386233
            [operating] => 1.312331199646
        )

)

------------------------

------------------------
2023.08.01 16:00:00
webform result
Array
(
    [result] => 135723
    [time] => Array
        (
            [start] => 1690894794.8605
            [finish] => 1690894800.284
            [duration] => 5.423446893692
            [processing] => 5.0268929004669
            [date_start] => 2023-08-01T15:59:54+03:00
            [date_finish] => 2023-08-01T16:00:00+03:00
            [operating_reset_at] => 1690895395
            [operating] => 5.026869058609
        )

)

------------------------

------------------------
2023.08.14 10:48:34
webform result
Array
(
    [result] => 136081
    [time] => Array
        (
            [start] => 1691999309.4998
            [finish] => 1691999314.9235
            [duration] => 5.4237270355225
            [processing] => 3.2845151424408
            [date_start] => 2023-08-14T10:48:29+03:00
            [date_finish] => 2023-08-14T10:48:34+03:00
            [operating_reset_at] => 1691999911
            [operating] => 5.7226269245148
        )

)

------------------------

------------------------
2023.08.18 16:05:43
webform result
Array
(
    [result] => 136381
    [time] => Array
        (
            [start] => 1692363941.6531
            [finish] => 1692363943.1075
            [duration] => 1.4543240070343
            [processing] => 1.4152939319611
            [date_start] => 2023-08-18T16:05:41+03:00
            [date_finish] => 2023-08-18T16:05:43+03:00
            [operating_reset_at] => 1692364541
            [operating] => 1.4152710437775
        )

)

------------------------

------------------------
2023.08.22 15:18:38
webform result
Array
(
    [result] => 136521
    [time] => Array
        (
            [start] => 1692706716.8772
            [finish] => 1692706717.9649
            [duration] => 1.0877342224121
            [processing] => 1.0465002059937
            [date_start] => 2023-08-22T15:18:36+03:00
            [date_finish] => 2023-08-22T15:18:37+03:00
            [operating_reset_at] => 1692707316
            [operating] => 1.0464799404144
        )

)

------------------------

------------------------
2023.09.04 10:35:37
webform result
Array
(
    [result] => 137017
    [time] => Array
        (
            [start] => 1693812935.7116
            [finish] => 1693812937.0093
            [duration] => 1.2976670265198
            [processing] => 1.2420320510864
            [date_start] => 2023-09-04T10:35:35+03:00
            [date_finish] => 2023-09-04T10:35:37+03:00
            [operating_reset_at] => 1693813535
            [operating] => 1.242005109787
        )

)

------------------------

------------------------
2023.09.14 14:31:06
webform result
Array
(
    [result] => 137597
    [time] => Array
        (
            [start] => 1694691065.3415
            [finish] => 1694691066.7841
            [duration] => 1.4426331520081
            [processing] => 1.3831739425659
            [date_start] => 2023-09-14T14:31:05+03:00
            [date_finish] => 2023-09-14T14:31:06+03:00
            [operating_reset_at] => 1694691665
            [operating] => 1.3831479549408
        )

)

------------------------

------------------------
2023.09.21 13:14:46
webform result
Array
(
    [result] => 137895
    [time] => Array
        (
            [start] => 1695291285.3703
            [finish] => 1695291286.3773
            [duration] => 1.0069530010223
            [processing] => 0.96082401275635
            [date_start] => 2023-09-21T13:14:45+03:00
            [date_finish] => 2023-09-21T13:14:46+03:00
            [operating_reset_at] => 1695291885
            [operating] => 0.96077084541321
        )

)

------------------------

------------------------
2023.09.21 15:16:44
webform result
Array
(
    [result] => 137905
    [time] => Array
        (
            [start] => 1695298602.7555
            [finish] => 1695298604.0869
            [duration] => 1.3313620090485
            [processing] => 1.2864239215851
            [date_start] => 2023-09-21T15:16:42+03:00
            [date_finish] => 2023-09-21T15:16:44+03:00
            [operating_reset_at] => 1695299202
            [operating] => 1.2863941192627
        )

)

------------------------

------------------------
2023.09.25 10:41:27
webform result
Array
(
    [result] => 137997
    [time] => Array
        (
            [start] => 1695627686.2909
            [finish] => 1695627687.2907
            [duration] => 0.99980115890503
            [processing] => 0.95559906959534
            [date_start] => 2023-09-25T10:41:26+03:00
            [date_finish] => 2023-09-25T10:41:27+03:00
            [operating_reset_at] => 1695628286
            [operating] => 0.95557308197021
        )

)

------------------------

------------------------
2023.09.25 15:14:29
webform result
Array
(
    [result] => 138041
    [time] => Array
        (
            [start] => 1695644068.0565
            [finish] => 1695644069.4178
            [duration] => 1.3612539768219
            [processing] => 1.3178570270538
            [date_start] => 2023-09-25T15:14:28+03:00
            [date_finish] => 2023-09-25T15:14:29+03:00
            [operating_reset_at] => 1695644668
            [operating] => 1.3178329467773
        )

)

------------------------

------------------------
2023.09.29 9:33:35
webform result
Array
(
    [result] => 138265
    [time] => Array
        (
            [start] => 1695969214.9167
            [finish] => 1695969215.7801
            [duration] => 0.86341905593872
            [processing] => 0.8171021938324
            [date_start] => 2023-09-29T09:33:34+03:00
            [date_finish] => 2023-09-29T09:33:35+03:00
            [operating_reset_at] => 1695969814
            [operating] => 3.101833820343
        )

)

------------------------

------------------------
2023.09.29 11:47:28
webform result
Array
(
    [result] => 138275
    [time] => Array
        (
            [start] => 1695977247.6588
            [finish] => 1695977248.663
            [duration] => 1.0042200088501
            [processing] => 0.9686131477356
            [date_start] => 2023-09-29T11:47:27+03:00
            [date_finish] => 2023-09-29T11:47:28+03:00
            [operating_reset_at] => 1695977847
            [operating] => 0.96859502792358
        )

)

------------------------

------------------------
2023.09.29 12:46:13
webform result
Array
(
    [result] => 138279
    [time] => Array
        (
            [start] => 1695980772.5303
            [finish] => 1695980773.7702
            [duration] => 1.2399249076843
            [processing] => 1.1867651939392
            [date_start] => 2023-09-29T12:46:12+03:00
            [date_finish] => 2023-09-29T12:46:13+03:00
            [operating_reset_at] => 1695981372
            [operating] => 1.1867418289185
        )

)

------------------------

------------------------
2023.09.29 12:46:51
webform result
Array
(
    [result] => 138281
    [time] => Array
        (
            [start] => 1695980810.4327
            [finish] => 1695980811.4367
            [duration] => 1.0039901733398
            [processing] => 0.95961904525757
            [date_start] => 2023-09-29T12:46:50+03:00
            [date_finish] => 2023-09-29T12:46:51+03:00
            [operating_reset_at] => 1695981410
            [operating] => 2.1463286876678
        )

)

------------------------

------------------------
2023.10.03 11:48:38
webform result
Array
(
    [result] => 138399
    [time] => Array
        (
            [start] => 1696322916.8976
            [finish] => 1696322918.7744
            [duration] => 1.8768560886383
            [processing] => 1.8273799419403
            [date_start] => 2023-10-03T11:48:36+03:00
            [date_finish] => 2023-10-03T11:48:38+03:00
            [operating_reset_at] => 1696323516
            [operating] => 1.8273601531982
        )

)

------------------------

------------------------
2023.10.04 10:44:49
webform result
Array
(
    [result] => 138425
    [time] => Array
        (
            [start] => 1696405488.2806
            [finish] => 1696405489.7898
            [duration] => 1.5091419219971
            [processing] => 1.4596378803253
            [date_start] => 2023-10-04T10:44:48+03:00
            [date_finish] => 2023-10-04T10:44:49+03:00
            [operating_reset_at] => 1696406088
            [operating] => 1.4596209526062
        )

)

------------------------

------------------------
2023.10.05 10:00:07
webform result
Array
(
    [result] => 138461
    [time] => Array
        (
            [start] => 1696489204.9084
            [finish] => 1696489207.0267
            [duration] => 2.1182541847229
            [processing] => 2.0658740997314
            [date_start] => 2023-10-05T10:00:04+03:00
            [date_finish] => 2023-10-05T10:00:07+03:00
            [operating_reset_at] => 1696489804
            [operating] => 2.0658400058746
        )

)

------------------------

------------------------
2023.10.05 10:26:21
webform result
Array
(
    [result] => 138467
    [time] => Array
        (
            [start] => 1696490780.7215
            [finish] => 1696490781.6419
            [duration] => 0.92040205001831
            [processing] => 0.88094592094421
            [date_start] => 2023-10-05T10:26:20+03:00
            [date_finish] => 2023-10-05T10:26:21+03:00
            [operating_reset_at] => 1696491380
            [operating] => 0.88093185424805
        )

)

------------------------

------------------------
2023.10.05 14:18:05
webform result
Array
(
    [result] => 138489
    [time] => Array
        (
            [start] => 1696504684.1798
            [finish] => 1696504685.6315
            [duration] => 1.4516139030457
            [processing] => 1.4093217849731
            [date_start] => 2023-10-05T14:18:04+03:00
            [date_finish] => 2023-10-05T14:18:05+03:00
            [operating_reset_at] => 1696505284
            [operating] => 1.4093008041382
        )

)

------------------------

------------------------
2023.10.05 16:11:40
webform result
Array
(
    [result] => 138505
    [time] => Array
        (
            [start] => 1696511499.141
            [finish] => 1696511500.0035
            [duration] => 0.86246204376221
            [processing] => 0.82836580276489
            [date_start] => 2023-10-05T16:11:39+03:00
            [date_finish] => 2023-10-05T16:11:40+03:00
            [operating_reset_at] => 1696512099
            [operating] => 0.82834601402283
        )

)

------------------------

------------------------
2023.10.12 13:28:18
webform result
Array
(
    [result] => 138747
    [time] => Array
        (
            [start] => 1697106496.7695
            [finish] => 1697106498.2221
            [duration] => 1.45259308815
            [processing] => 1.4152779579163
            [date_start] => 2023-10-12T13:28:16+03:00
            [date_finish] => 2023-10-12T13:28:18+03:00
            [operating_reset_at] => 1697107096
            [operating] => 1.4152600765228
        )

)

------------------------

------------------------
2023.10.19 17:20:07
webform result
Array
(
    [result] => 139035
    [time] => Array
        (
            [start] => 1697725205.81
            [finish] => 1697725207.1574
            [duration] => 1.3474268913269
            [processing] => 1.3007500171661
            [date_start] => 2023-10-19T17:20:05+03:00
            [date_finish] => 2023-10-19T17:20:07+03:00
            [operating_reset_at] => 1697725805
            [operating] => 1.3007309436798
        )

)

------------------------

------------------------
2023.10.23 16:19:49
webform result
Array
(
    [result] => 139147
    [time] => Array
        (
            [start] => 1698067188.1184
            [finish] => 1698067189.2128
            [duration] => 1.0943360328674
            [processing] => 1.0444569587708
            [date_start] => 2023-10-23T16:19:48+03:00
            [date_finish] => 2023-10-23T16:19:49+03:00
            [operating_reset_at] => 1698067788
            [operating] => 1.0444021224976
        )

)

------------------------

------------------------
2023.10.24 0:34:20
webform result
Array
(
    [error] => INTERNAL_SERVER_ERROR
    [error_description] => Internal server error
)

------------------------

------------------------
2023.10.24 0:34:20
webform result
Array
(
    [error] => INTERNAL_SERVER_ERROR
    [error_description] => Internal server error
)

------------------------

------------------------
2023.10.24 0:34:22
webform result
Array
(
    [result] => 139157
    [time] => Array
        (
            [start] => 1698096860.7777
            [finish] => 1698096862.5421
            [duration] => 1.7643291950226
            [processing] => 1.7380430698395
            [date_start] => 2023-10-24T00:34:20+03:00
            [date_finish] => 2023-10-24T00:34:22+03:00
            [operating_reset_at] => 1698097460
            [operating] => 1.7380299568176
        )

)

------------------------

------------------------
2023.10.24 0:34:31
webform result
Array
(
    [result] => 139159
    [time] => Array
        (
            [start] => 1698096870.5169
            [finish] => 1698096871.126
            [duration] => 0.60914707183838
            [processing] => 0.57656788825989
            [date_start] => 2023-10-24T00:34:30+03:00
            [date_finish] => 2023-10-24T00:34:31+03:00
            [operating_reset_at] => 1698097470
            [operating] => 2.3145818710327
        )

)

------------------------

------------------------
2023.10.26 14:40:17
webform result
Array
(
    [result] => 139331
    [time] => Array
        (
            [start] => 1698320416.616
            [finish] => 1698320417.419
            [duration] => 0.80296897888184
            [processing] => 0.76352500915527
            [date_start] => 2023-10-26T14:40:16+03:00
            [date_finish] => 2023-10-26T14:40:17+03:00
            [operating_reset_at] => 1698321016
            [operating] => 0.76349997520447
        )

)

------------------------

------------------------
2023.10.27 9:55:42
webform result
Array
(
    [result] => 139361
    [time] => Array
        (
            [start] => 1698389741.4168
            [finish] => 1698389742.884
            [duration] => 1.467157125473
            [processing] => 1.4341611862183
            [date_start] => 2023-10-27T09:55:41+03:00
            [date_finish] => 2023-10-27T09:55:42+03:00
            [operating_reset_at] => 1698390341
            [operating] => 1.4341461658478
        )

)

------------------------

------------------------
2023.11.02 12:23:23
webform result
Array
(
    [result] => 139611
    [time] => Array
        (
            [start] => 1698917002.0757
            [finish] => 1698917003.4692
            [duration] => 1.3934969902039
            [processing] => 1.337898015976
            [date_start] => 2023-11-02T12:23:22+03:00
            [date_finish] => 2023-11-02T12:23:23+03:00
            [operating_reset_at] => 1698917602
            [operating] => 1.3378810882568
        )

)

------------------------

------------------------
2023.11.10 12:54:32
webform result
Array
(
    [result] => 139825
    [time] => Array
        (
            [start] => 1699610071.1103
            [finish] => 1699610072.649
            [duration] => 1.538624048233
            [processing] => 1.489706993103
            [date_start] => 2023-11-10T12:54:31+03:00
            [date_finish] => 2023-11-10T12:54:32+03:00
            [operating_reset_at] => 1699610671
            [operating] => 1.4896950721741
        )

)

------------------------

------------------------
2023.11.20 12:39:19
webform result
Array
(
    [result] => 140127
    [time] => Array
        (
            [start] => 1700473158.6851
            [finish] => 1700473159.8373
            [duration] => 1.152195930481
            [processing] => 1.1038379669189
            [date_start] => 2023-11-20T12:39:18+03:00
            [date_finish] => 2023-11-20T12:39:19+03:00
            [operating_reset_at] => 1700473758
            [operating] => 1.1038110256195
        )

)

------------------------

------------------------
2023.11.30 11:29:14
webform result
Array
(
    [result] => 140477
    [time] => Array
        (
            [start] => 1701332952.9972
            [finish] => 1701332954.5457
            [duration] => 1.5485200881958
            [processing] => 1.464497089386
            [date_start] => 2023-11-30T11:29:12+03:00
            [date_finish] => 2023-11-30T11:29:14+03:00
            [operating_reset_at] => 1701333553
            [operating] => 1.4644641876221
        )

)

------------------------

------------------------
2023.12.22 19:46:17
webform result
Array
(
    [error] => INTERNAL_SERVER_ERROR
    [error_description] => Internal server error
)

------------------------

------------------------
2023.12.22 19:46:18
webform result
Array
(
    [result] => 141061
    [time] => Array
        (
            [start] => 1703263577.5431
            [finish] => 1703263578.5874
            [duration] => 1.0443320274353
            [processing] => 1.0150527954102
            [date_start] => 2023-12-22T19:46:17+03:00
            [date_finish] => 2023-12-22T19:46:18+03:00
            [operating_reset_at] => 1703264177
            [operating] => 1.015035867691
        )

)

------------------------

------------------------
2023.12.22 19:46:19
webform result
Array
(
    [result] => 141063
    [time] => Array
        (
            [start] => 1703263578.3615
            [finish] => 1703263579.0434
            [duration] => 0.68192410469055
            [processing] => 0.64682006835938
            [date_start] => 2023-12-22T19:46:18+03:00
            [date_finish] => 2023-12-22T19:46:19+03:00
            [operating_reset_at] => 1703264178
            [operating] => 1.6618299484253
        )

)

------------------------

------------------------
2023.12.22 19:46:19
webform result
Array
(
    [result] => 141065
    [time] => Array
        (
            [start] => 1703263578.8109
            [finish] => 1703263579.4906
            [duration] => 0.67969584465027
            [processing] => 0.65024876594543
            [date_start] => 2023-12-22T19:46:18+03:00
            [date_finish] => 2023-12-22T19:46:19+03:00
            [operating_reset_at] => 1703264178
            [operating] => 2.3120629787445
        )

)

------------------------

------------------------
2024.01.15 18:42:58
webform result
Array
(
    [error] => INTERNAL_SERVER_ERROR
    [error_description] => Internal server error
)

------------------------

------------------------
2024.01.15 18:42:59
webform result
Array
(
    [result] => 141379
    [time] => Array
        (
            [start] => 1705333378.4729
            [finish] => 1705333379.2076
            [duration] => 0.73469710350037
            [processing] => 0.69693112373352
            [date_start] => 2024-01-15T18:42:58+03:00
            [date_finish] => 2024-01-15T18:42:59+03:00
            [operating_reset_at] => 1705333978
            [operating] => 0.69691610336304
        )

)

------------------------

------------------------
2024.01.17 12:34:33
webform result
Array
(
    [result] => 141441
    [time] => Array
        (
            [start] => 1705484071.6565
            [finish] => 1705484073.0195
            [duration] => 1.3629620075226
            [processing] => 1.3145310878754
            [date_start] => 2024-01-17T12:34:31+03:00
            [date_finish] => 2024-01-17T12:34:33+03:00
            [operating_reset_at] => 1705484671
            [operating] => 1.3145151138306
        )

)

------------------------

------------------------
2024.02.12 10:26:32
webform result
Array
(
    [result] => 142131
    [time] => Array
        (
            [start] => 1707722791.2944
            [finish] => 1707722792.3018
            [duration] => 1.0074069499969
            [processing] => 0.97108221054077
            [date_start] => 2024-02-12T10:26:31+03:00
            [date_finish] => 2024-02-12T10:26:32+03:00
            [operating_reset_at] => 1707723391
            [operating] => 0.97106409072876
        )

)

------------------------

------------------------
2024.02.16 3:26:41
webform result
Array
(
    [error] => INTERNAL_SERVER_ERROR
    [error_description] => Internal server error
)

------------------------

------------------------
2024.02.16 3:26:42
webform result
Array
(
    [result] => 142319
    [time] => Array
        (
            [start] => 1708043201.8701
            [finish] => 1708043202.5706
            [duration] => 0.70056390762329
            [processing] => 0.6739330291748
            [date_start] => 2024-02-16T03:26:41+03:00
            [date_finish] => 2024-02-16T03:26:42+03:00
            [operating_reset_at] => 1708043801
            [operating] => 0.67392086982727
        )

)

------------------------

------------------------
2024.02.16 20:51:43
webform result
Array
(
    [result] => 142355
    [time] => Array
        (
            [start] => 1708105902.9978
            [finish] => 1708105903.8473
            [duration] => 0.84944987297058
            [processing] => 0.82069993019104
            [date_start] => 2024-02-16T20:51:42+03:00
            [date_finish] => 2024-02-16T20:51:43+03:00
            [operating_reset_at] => 1708106503
            [operating] => 0.82068610191345
        )

)

------------------------

------------------------
2024.02.17 9:46:01
webform result
Array
(
    [error] => INTERNAL_SERVER_ERROR
    [error_description] => Internal server error
)

------------------------

------------------------
2024.02.17 9:46:03
webform result
Array
(
    [result] => 142359
    [time] => Array
        (
            [start] => 1708152361.5165
            [finish] => 1708152363.3209
            [duration] => 1.8043801784515
            [processing] => 1.7577159404755
            [date_start] => 2024-02-17T09:46:01+03:00
            [date_finish] => 2024-02-17T09:46:03+03:00
            [operating_reset_at] => 1708152961
            [operating] => 1.7576930522919
        )

)

------------------------

------------------------
2024.03.06 18:53:42
webform result
Array
(
    [result] => 142997
    [time] => Array
        (
            [start] => 1709740420.4343
            [finish] => 1709740422.1529
            [duration] => 1.7186470031738
            [processing] => 1.685809135437
            [date_start] => 2024-03-06T18:53:40+03:00
            [date_finish] => 2024-03-06T18:53:42+03:00
            [operating_reset_at] => 1709741020
            [operating] => 1.685791015625
        )

)

------------------------

------------------------
2024.03.07 10:16:34
webform result
Array
(
    [result] => 143001
    [time] => Array
        (
            [start] => 1709795793.5376
            [finish] => 1709795794.4722
            [duration] => 0.93454694747925
            [processing] => 0.90056490898132
            [date_start] => 2024-03-07T10:16:33+03:00
            [date_finish] => 2024-03-07T10:16:34+03:00
            [operating_reset_at] => 1709796393
            [operating] => 0.90053606033325
        )

)

------------------------

------------------------
2024.03.20 8:48:30
webform result
Array
(
    [result] => 143395
    [time] => Array
        (
            [start] => 1710913708.6404
            [finish] => 1710913710.4391
            [duration] => 1.7987089157104
            [processing] => 1.7615649700165
            [date_start] => 2024-03-20T08:48:28+03:00
            [date_finish] => 2024-03-20T08:48:30+03:00
            [operating_reset_at] => 1710914308
            [operating] => 1.7615461349487
        )

)

------------------------

------------------------
2024.03.22 19:31:25
webform result
Array
(
    [result] => 143533
    [time] => Array
        (
            [start] => 1711125083.8397
            [finish] => 1711125085.4085
            [duration] => 1.5688421726227
            [processing] => 1.5377669334412
            [date_start] => 2024-03-22T19:31:23+03:00
            [date_finish] => 2024-03-22T19:31:25+03:00
            [operating_reset_at] => 1711125683
            [operating] => 1.5377540588379
        )

)

------------------------

------------------------
2024.04.04 18:27:05
webform result
Array
(
    [result] => 144129
    [time] => Array
        (
            [start] => 1712244424.7145
            [finish] => 1712244425.794
            [duration] => 1.0794839859009
            [processing] => 1.0437819957733
            [date_start] => 2024-04-04T18:27:04+03:00
            [date_finish] => 2024-04-04T18:27:05+03:00
            [operating_reset_at] => 1712245024
            [operating] => 1.043760061264
        )

)

------------------------

------------------------
2024.04.08 13:07:51
webform result
Array
(
    [result] => 144227
    [time] => Array
        (
            [start] => 1712570870.1988
            [finish] => 1712570870.9941
            [duration] => 0.79528903961182
            [processing] => 0.76481199264526
            [date_start] => 2024-04-08T13:07:50+03:00
            [date_finish] => 2024-04-08T13:07:50+03:00
            [operating_reset_at] => 1712571470
            [operating] => 0.76479411125183
        )

)

------------------------

------------------------
2024.04.09 15:59:15
webform result
Array
(
    [result] => 144327
    [time] => Array
        (
            [start] => 1712667554.4493
            [finish] => 1712667555.1342
            [duration] => 0.68485403060913
            [processing] => 0.6540310382843
            [date_start] => 2024-04-09T15:59:14+03:00
            [date_finish] => 2024-04-09T15:59:15+03:00
            [operating_reset_at] => 1712668154
            [operating] => 0.65400791168213
        )

)

------------------------

------------------------
2024.04.15 11:04:09
webform result
Array
(
    [result] => 144545
    [time] => Array
        (
            [start] => 1713168248.2508
            [finish] => 1713168249.0244
            [duration] => 0.77358889579773
            [processing] => 0.74292898178101
            [date_start] => 2024-04-15T11:04:08+03:00
            [date_finish] => 2024-04-15T11:04:09+03:00
            [operating_reset_at] => 1713168848
            [operating] => 0.74291205406189
        )

)

------------------------

------------------------
2024.04.17 17:02:23
webform result
Array
(
    [result] => 144733
    [time] => Array
        (
            [start] => 1713362542.8285
            [finish] => 1713362543.8502
            [duration] => 1.0216920375824
            [processing] => 0.99098086357117
            [date_start] => 2024-04-17T17:02:22+03:00
            [date_finish] => 2024-04-17T17:02:23+03:00
            [operating_reset_at] => 1713363142
            [operating] => 0.99096202850342
        )

)

------------------------

------------------------
2024.04.22 10:12:20
webform result
Array
(
    [result] => 144859
    [time] => Array
        (
            [start] => 1713769939.2041
            [finish] => 1713769940.4054
            [duration] => 1.201269865036
            [processing] => 1.1662991046906
            [date_start] => 2024-04-22T10:12:19+03:00
            [date_finish] => 2024-04-22T10:12:20+03:00
            [operating_reset_at] => 1713770539
            [operating] => 1.1662740707397
        )

)

------------------------

------------------------
2024.04.23 16:18:44
webform result
Array
(
    [result] => 144953
    [time] => Array
        (
            [start] => 1713878323.7258
            [finish] => 1713878324.6172
            [duration] => 0.89143109321594
            [processing] => 0.86561584472656
            [date_start] => 2024-04-23T16:18:43+03:00
            [date_finish] => 2024-04-23T16:18:44+03:00
            [operating_reset_at] => 1713878923
            [operating] => 0.86560297012329
        )

)

------------------------

------------------------
2024.05.08 10:09:03
webform result
Array
(
    [result] => 145547
    [time] => Array
        (
            [start] => 1715152141.7921
            [finish] => 1715152143.7772
            [duration] => 1.9851589202881
            [processing] => 1.9412641525269
            [date_start] => 2024-05-08T10:09:01+03:00
            [date_finish] => 2024-05-08T10:09:03+03:00
            [operating_reset_at] => 1715152741
            [operating] => 1.941241979599
        )

)

------------------------

------------------------
2024.05.15 9:50:00
webform result
Array
(
    [result] => 145739
    [time] => Array
        (
            [start] => 1715755799.0076
            [finish] => 1715755800.0808
            [duration] => 1.0731918811798
            [processing] => 1.0434930324554
            [date_start] => 2024-05-15T09:49:59+03:00
            [date_finish] => 2024-05-15T09:50:00+03:00
            [operating_reset_at] => 1715756399
            [operating] => 1.0434761047363
        )

)

------------------------

------------------------
2024.05.15 14:44:22
webform result
Array
(
    [result] => 145785
    [time] => Array
        (
            [start] => 1715773461.4342
            [finish] => 1715773462.2417
            [duration] => 0.80750203132629
            [processing] => 0.77008509635925
            [date_start] => 2024-05-15T14:44:21+03:00
            [date_finish] => 2024-05-15T14:44:22+03:00
            [operating_reset_at] => 1715774061
            [operating] => 0.77006101608276
        )

)

------------------------

------------------------
2024.05.17 12:16:33
webform result
Array
(
    [result] => 145905
    [time] => Array
        (
            [start] => 1715937392.9522
            [finish] => 1715937393.6483
            [duration] => 0.69615507125854
            [processing] => 0.66830396652222
            [date_start] => 2024-05-17T12:16:32+03:00
            [date_finish] => 2024-05-17T12:16:33+03:00
            [operating_reset_at] => 1715937992
            [operating] => 1.5539870262146
        )

)

------------------------

------------------------
2024.05.21 13:00:17
webform result
Array
(
    [result] => 146089
    [time] => Array
        (
            [start] => 1716285616.1233
            [finish] => 1716285617.3122
            [duration] => 1.188873052597
            [processing] => 1.1566650867462
            [date_start] => 2024-05-21T13:00:16+03:00
            [date_finish] => 2024-05-21T13:00:17+03:00
            [operating_reset_at] => 1716286216
            [operating] => 1.1566529273987
        )

)

------------------------

------------------------
2024.05.23 13:52:04
webform result
Array
(
    [result] => 146211
    [time] => Array
        (
            [start] => 1716461523.6452
            [finish] => 1716461524.4065
            [duration] => 0.76133894920349
            [processing] => 0.73020315170288
            [date_start] => 2024-05-23T13:52:03+03:00
            [date_finish] => 2024-05-23T13:52:04+03:00
            [operating_reset_at] => 1716462123
            [operating] => 0.73018193244934
        )

)

------------------------
